Question - Arabic,Answer - Arabic,Question - English,Answer - English,Category
"املأ الفراغ في الجملة التالية:
أثناء الحمل، يتكون الغشاء المحيط بالتجويف الأمنيوسي من ثلاث طبقات: الغشاء القاعدي، والطبقة ______، والطبقة الأمينوسية.
أ. المشيمة
ب. الأرومة الغاذية
ج. المشيمة
د. الأديم المتوسط",أ. المشيمة,"Fill in the blank in the following sentence:
In pregnancy, the membrane that surrounds the amniotic cavity consists of 3 layers: the decidua basalis, the ______, and the amnion. 
A. Chorion
B. Trophoblast
C. Placenta
D. Mesoderm",A. Chorion,OBGYN
"املأ الفراغ في الجملة التالية:
الحمرة هي عدوى جلدية تسببها _______، وهي تصيب عادةً _____ الوجه.
أ. المكورات العنقودية الذهبية، البشرة
ب. العقديات B و C، الأدمة الشبكية
ج. العقديات A و G، الأدمة الحليمية
د. العصيات سلبية الجرام، الأنسجة تحت الجلد","ج. العقديات A و G، الأدمة الحليمية
","Fill in the blank in the following sentence:
Erysipelas is a dermal infection caused by _______, and it commonly infects the _____ of the face.
A. Staphylococcus aureus, epidermis
B. Streptococci B and C, reticular dermis
C. Streptococci A and G, papillary dermis
D. Gram-negative bacilli, subcutaneous tissue","C. Streptococci A and G, papillary dermis
",Dermatology
"املأ الفراغات في الجملة التالية:
في حالة الانصباب الجنبي، يشير انخفاض أو غياب الرجفان اللمسي على الجانب المصاب إلى ____، والذي ينتج عن ____.
أ. تراكم السوائل؛ عزل الصوت
ب. احتباس الهواء؛ انهيار الحويصلات الهوائية
ج. التليف؛ انخفاض مرونة الرئة
د. نمو الورم؛ انسداد الشعب الهوائية",أ. تراكم السوائل؛ عزل الصوت,"Fill in the blanks in the following sentence:
In pleural effusion, decreased or absent tactile fremitus on the affected side suggests ____, which results from ____.
A. Fluid accumulation; sound insulation
B. Air entrapment; alveolar collapse
C. Fibrosis; reduced lung compliance
D. Tumor growth; bronchial obstruction","A. Fluid accumulation; sound insulation
",Pulmonology
"املأ الفراغات في الجملة التالية:
يتم نقل الحديد وتخزينه في الجسم بواسطة 3 فئات رئيسية من البروتينات: (1) الترانسفيرينات، (2) مستقبلات الترانسفيرين TFR1، و(3) _____. يمكن لكل جزيء ترانسفيرين أن يرتبط بأيونات الحديد ____.
أ. السيرولوبلازمين، 3
ب. الجلسولين، 3
ج. الفيريتين، 2
د. الفيبرينوجين، 2","ج. الفيريتين، 2","Fill in the blanks in the following sentence:
Iron is transported and stored in the body by 3 main protein classes: (1) transferrins, (2) TFR1 transferrin receptors, and (3) _____. Each transferrin molecule can bind to ____ iron ions.
A. Caeruloplasmin, 3
B. Gelsolin, 3
C. Ferritin, 2
D. Fibrinogen, 2","C. Ferritin, 2
",Hematology
"املأ الفراغ في الجملة التالية:
بالإضافة إلى تأثيره على إنتاج الحليب، يؤثر _____ على وظائف منطقة تحت المهاد والغدة النخامية ووظائف المبيض المتعلقة بالدورة الشهرية. يتم إنتاجه بواسطة خلايا _____.
أ. البروجسترون، الظهارة العضلية
ب. الإستروجين، اللوتين
ج. الأوكسيتوسين، الحبيبات
د. البرولاكتين، اللاكتوتروف","د. البرولاكتين، اللاكتوتروف","Fill in the blanks in the following sentence:
In addition to its effect on milk production, _____ affects the functions of the hypothalamus, pituitary gland, and the ovarian functions related to the menstrual cycle. It is produced by _____ cells.
A. Progesterone, myoepithelial
B. Estrogen, lutein
C. Oxytocin, granulosa
D. Prolactin, lactotroph","D. Prolactin, lactotroph",OBGYN
"املأ الفراغ في الجملة التالية:
يمكننا أن نعزو ______ عند الأطفال حديثي الولادة (24 ساعة أو أقل) إلى فقر الدم أو الحماض.
أ. بشرة شاحبة
ب. الجلد المصاب باليرقان
ج. الجلد الأحمر
د. ارتفاع درجة الحرارة",أ. بشرة شاحبة,"Fill in the blank in the following sentence:
We can attribute ____ in newborns (24 hours or less) to anemia or acidosis.
A. Pale skin
B. Jaundiced skin
C. Red skin
D. High temperature",A. Pale skin,Pediatrics
"املأ الفراغ في الجملة التالية:
في داء السكري من النوع الثاني، يحدث نقص إفراز الإنسولين بسبب _____, مما يؤدي إلى تكسر قدرة خلايا الجسم على مقاومة الإنسولين بشكل _____، مما يؤدي إلى ارتفاع مستوى السكر في الدم.
أ. نقص التغذية, تدريجي
ب. مقاومة الانسولين, تدريجي
ج. الإجهاد المزمن, كامل
د.  التمارين الشديدة, ثابت","ب. مقاومة الانسولين, تدريجي
","Fill in the blank in the following sentence:
In type 2 diabetes, insulin deficiency occurs due to _____, which leads to the body's cells' ability to resist insulin being broken down _____, leading to high blood sugar levels.
A. Undernutrition, gradually
B. Insulin resistance, gradually
C. Chronic stress, completely
D. Vigorous exercise, constantly","B. Insulin resistance, gradually",Endocrinology
"املأ الفراغ في العبارة التالية:
تتميز متلازمة النفق الرسغي بضعف الحركة الذي يؤثر في المقام الأول على _____.
أ. اختطاف الكتف
ب. ثني الساعد
ج. البنصر والخنصر
د. معارضة الإبهام",د. معارضة الإبهام,"Fill in the blank in the following statement:
Carpal Tunnel Syndrome is characterized by motor weakness primarily affecting _____.
A. Shoulder abduction
B. Forearm flexors
C. Ring and little fingers
D. Thumb opposition ","D. Thumb opposition
",Neurology
"املأ الفراغ:
يُطلق على نوع الانصباب الجنبي الذي يتميز بتراكم السوائل المحملة بالبكتيريا اسم ____.
أ. الانصباب الجنبي
ب. الانصباب الجنبي النزفية
ج. الانصباب الجنبي النزفية
د. الكيلوس",ج. الانصباب الجنبي النزفية,"Fill in the blank:
The pleural effusion type characterized by the accumulation of bacteria-laden fluid is called ____.
A. Transudate
B. Hemorrhagic
C. Empyema
D. Chylous","C. Empyema
",Pulmonology
"املأ الفراغات في الجملة التالية:
يعتمد التشخيص في التهاب عضلة القلب على عوامل مثل ____، مع وجود تشخيص سيئ غالبًا ما يرتبط بـ ____.
أ. مستويات EF؛ اعتلال عضلة القلب المتوسع
ب. عدم انتظام ضربات القلب البطيني؛ احتقان الرئة
ج. إنزيمات القلب؛ فشل الجانب الأيمن
د. تحمل التمارين الرياضية؛ نفخات انقباضية",أ. مستويات EF؛ اعتلال عضلة القلب المتوسع,"Fill in the blanks in the following sentence:
Prognosis in myocarditis depends on factors like ____, with a poor prognosis often linked to ____.
A. EF levels; dilated cardiomyopathy
B. Ventricular arrhythmias; pulmonary congestion
C. Cardiac enzymes; right-sided failure
D. Exercise tolerance; systolic murmurs","A. EF levels; dilated cardiomyopathy
",Cardiovascular System
"املأ الفراغ في الجملة التالية:
يتم تصنيع البروستاجلاندين من حمض ______ من خلال إنزيم ______.
أ. حمض البالمتيك، سيكلوأكسجيناز
ب. حمض اللينوليك، ليبوأكسجيناز
ج. حمض الأراكيدونيك، سيكلوأكسجيناز
د. حمض الستياريك، ليبوأكسجيناز","ج. حمض الأراكيدونيك، سيكلوأكسجيناز","Fill in the blank in the following sentence:
Prostaglandins are synthesized from ______ acid through the enzyme ______.
A. Palmitic, Cyclooxygenase
B. Linoleic, Lipoxygenase
C. Arachidonic, Cyclooxygenase
D. Stearic, Lipoxygenase","C. Arachidonic, Cyclooxygenase
",OBGYN
"املأ الفراغات في الجملة التالية:
تعتبر ____ من السمات التشخيصية لقصور القلب الانقباضي، والتي تحدث عندما ينخفض ​​كسر القذف إلى أقل من ____.
أ. تمدد البطين؛ 40%
ب. انخفاض حجم النبضة؛ 50%
ج. انخفاض معدل القذف؛ 40%
د. تسرع القلب؛ 60%",ج. انخفاض معدل القذف؛ 40%,"Fill in the blanks in the following sentence:
A diagnostic feature of systolic heart failure is ____, which occurs when the ejection fraction falls below ____.
A. Ventricular dilation; 40%
B. Decreased stroke volume; 50%
C. Decreased EF; 40%
D. Tachycardia; 60%",C. Decreased EF; 40%,Cardiovascular System
"املأ الفراغ في العبارة التالية:
متلازمة غيلان باريه (GBS) مرتبطة بارتفاع ____ في السائل الدماغي الشوكي دون زيادة في عدد خلايا الدم البيضاء.
أ. الدهون
ب. البروتينات
ج. الجلوكوز
د. اللاكتات",ب. البروتينات,"Fill in the blank in the following statement:
Guillain-Barré Syndrome (GBS) is associated with elevated ____ in the cerebrospinal fluid without an increase in white blood cell count.
A. Lipids
B. Proteins
C. Glucose
D. Lactate
",B. Proteins,Neurology
"املأ الفراغات في الجملة التالية:
الأداة التشخيصية الأكثر استخدامًا لتأكيد الإصابة بجلطة وريدية عميقة هي الموجات فوق الصوتية، بينما ____، على الرغم من دقتها، مخصصة للحالات المعقدة.
أ. تصوير الأوعية الدموية الرئوية بالتصوير المقطعي المحوسب
ب. تصوير الأوردة بالرنين المغناطيسي
ج. فحص التهوية/التروية
د. تصوير الأوردة بالتصوير المقطعي المحوسب",ب. تصوير الأوردة بالرنين المغناطيسي,"Fill in the blanks in the following sentence:
The most commonly used diagnostic tool for confirming DVT is ultrasound, while ____, though more accurate, is reserved for complex cases.
A. CT Pulmonary Angiography
B. MRI Venography
C. Ventilation/Perfusion Scan
D. CT Venography","B. MRI Venography
",Cardiovascular System
"املأ الفراغات في الجملة التالية:
تنتج متلازمة زولينجر إليسون عن أورام تفرز ____، مما يؤدي إلى إنتاج مفرط ____.
أ. الجاسترين؛ حمض الهيدروكلوريك
ب. الأنسولين؛ الجلوكوز
ج. ACTH؛ الكورتيزول
د. الجلوكاجون؛ الأحماض الصفراوية",أ. الجاسترين؛ حمض الهيدروكلوريك,"Fill in the blanks in the following sentence:
Zollinger-Ellison syndrome results from ____-secreting tumors, leading to excessive ____ production.
A. Gastrin; hydrochloric acid
B. Insulin; glucose
C. ACTH; cortisol
D. Glucagon; bile acids","A. Gastrin; hydrochloric acid
",Gastroenterology
"املأ الفراغات في الجملة التالية:
من النتائج الكلاسيكية لتخطيط كهربية القلب في التهاب عضلة القلب ____، وغالبًا ما يصاحبها ____.
أ. إطالة فترة PR؛ عدم انتظام ضربات القلب البطيني
ب. تسرع القلب؛ انعكاس الموجة T
ج. بطء القلب؛ ارتفاع القطعة ST
د. اتساع QRS؛ خفقان الأذين",ب. تسرع القلب؛ انعكاس الموجة T,"Fill in the blanks in the following sentence:
A classic ECG finding in myocarditis is ____, often accompanied by ____.
A. Prolonged PR interval; ventricular arrhythmias
B. Tachycardia; T-wave inversion
C. Bradycardia; ST-segment elevation
D. QRS widening; atrial flutter","B. Tachycardia; T-wave inversion
",Cardiovascular System
"املأ الفراغ في الجملة التالية:
في النبيت الجلدي, _______ هي المتعضيات الاشيع.
أ. المكورات العنقودية البشرية
ب. المكورات العقدية
ج. المكورات الدقيقة
هـ. العصيات سلبية الغرام","أ. المكورات العنقودية البشرية
","Fill in the blank in the following sentence:
In skin flora, _____ are the most common organisms.
A. Staphylococcus epidermidis
B. Streptococcus
C. Micrococcus
E. Gram-negative rods",A. Staphylococcus epidermidis,Dermatology
"املأ الفراغات في الجملة التالية:
غالبًا ما ينطوي التهاب الدماغ الفيروسي على فقدان الذاكرة والارتباك. تشمل طرق التشخيص ____، والتي يمكن أن تكشف عن ____.
أ. تخطيط كهربية الدماغ، موجات دماغية متقطعة
ب. التصوير بالرنين المغناطيسي، التهاب الفص الصدغي
ج. تحليل السائل الدماغي الشوكي، ارتفاع مستوى الجلوكوز
د. التصوير المقطعي المحوسب، تحولات خط الوسط","ب. التصوير بالرنين المغناطيسي، التهاب الفص الصدغي","Fill in the blanks in the following sentence:
Viral encephalitis often involves memory loss and confusion. Diagnostic methods include ____, which can reveal ____.
A. EEG, disrupted brain waves
B. MRI, temporal lobe inflammation
C. CSF analysis, elevated glucose
D. CT scan, midline shifts","B. MRI, temporal lobe inflammation
",Neurology
"املأ الفراغ في الجملة التالية:
في الذئبة الحمامية الجهازية، ينتج الجهاز المناعي أجسامًا مضادة تُعرف باسم _____، والتي تستهدف المكونات النووية. يمكن تشخيص المرض باستخدام اختبارات الكشف عن الأجسام المضادة لـ ______ باستخدام الطرق المناعية.
أ. البروتين التفاعلي سي، الحمض النووي الريبي
ب. الحمض النووي الريبي النووي، الحمض النووي الريبي
ج. الإنترلوكين 6، الهيستون
د. عامل نخر الورم ألفا، التناضح العكسي","ب. الحمض النووي الريبي النووي، الحمض النووي الريبي
","Fill in the blank in the following sentence:
In systemic lupus erythematosus, the immune system produces antibodies known as _____, which target nuclear components. The disease can be diagnosed using tests detecting anti-_____ antibodies using immunological methods.
A. CRP, RNA
B. ANA, DNA
C. IL-6, Histone
D. TNF-alpha, RO","B. ANA, DNA",Dermatology
"املأ الفراغات في الجملة التالية:
تتضمن أسباب أمراض الرئة الخلالية (ILDs) العدوى مثل ____، والحالات الجهازية مثل ____، والتعرضات البيئية.
أ. السل؛ الذئبة
ب. داء الكوكسيديا؛ أمراض النسيج الضام
ج. داء الهيستوبلازما؛ داء السكري
د. داء الرشاشيات؛ تليف القلب",ب. داء الكوكسيديا؛ أمراض النسيج الضام,"Fill in the blanks in the following sentence:
The etiology of Interstitial Lung Diseases (ILDs) includes infections such as ____, systemic conditions like ____, and environmental exposures.
A. Tuberculosis; lupus
B. Coccidioidomycosis; connective tissue diseases
C. Histoplasmosis; diabetes mellitus
D. Aspergillosis; cardiac fibrosis","B. Coccidioidomycosis; connective tissue diseases
",Pulmonology
"املأ الفراغات في الجملة التالية:
عادةً ما تؤدي أورام الأنسولين إلى ظهور أعراض ____ بسبب نقص سكر الدم، مع حدوث نوبات غالبًا أثناء الصيام أو ممارسة الرياضة.
أ. عصبي سكري
ب. أدرينالية
ج. عصبي سكري
د. أدرينالية",ج. عصبي سكري,"Fill in the blanks in the following sentence:
Insulinomas typically result in ____ symptoms due to hypoglycemia, with episodes often occurring during fasting or exercise.
A. Neuroglycopenic
B. Adrenergic
C. Neuroglycopenic
D. Adrenergic","C. Neuroglycopenic
",Gastroenterology
"املأ الفراغ في الجملة التالية:
الارتفاع في الجلد الذي يحتوي على مادة قيحية يُعرف بـ _____.
أ. بثرة
ب. حويصل
ج. فقاعة
د. كيسة
هـ. عقيدة","أ. بثرة
","Fill in the blank in the following sentence:
A raised area of ​​skin containing pus is known as _____.
A. Pustule
B. Vesicle
C. Bulla
D. Cyst
E. Nodule",A. Pustule,Dermatology
"املأ الفراغ في العبارة التالية:
يتميز الاعتلال العصبي المحيطي الناتج عن سمية فيتامين ب6 بـ _____.
أ. فقدان ردود الفعل الوترية
ب. ترنح حسي وخدر
ج. شلل حركي
د. زيادة قوة العضلات",ب. ترنح حسي وخدر,"Fill in the blank in the following statement:
Peripheral neuropathy due to vitamin B6 toxicity is characterized by _____.
A. Loss of tendon reflexes
B. Sensory ataxia and numbness
C. Motor paralysis
D. Increased muscle tone
","B. Sensory ataxia and numbness
",Neurology
"املأ الفراغات في الجملة التالية:
يشمل علاج قصور القلب الحاد غير المعوض ____، وخاصة في حالات ____.
أ. مدرات البول؛ الوذمة الرئوية
ب. موسعات الأوعية الدموية؛ تضخم البطين
ج. حاصرات بيتا؛ عدم انتظام ضربات القلب
د. الديجوكسين؛ الصدمة القلبية",أ. مدرات البول؛ الوذمة الرئوية,"Fill in the blanks in the following sentence:
Treatment for acute decompensated heart failure includes ____, particularly in cases of ____.
A. Diuretics; pulmonary edema
B. Vasodilators; ventricular hypertrophy
C. Beta-blockers; arrhythmias
D. Digoxin; cardiogenic shock",A. Diuretics; pulmonary edema,Cardiovascular System
"املأ الفراغات في الجملة التالية:
يتميز فقدان الذاكرة الشامل العابر (TGA) بظهور مفاجئ لـ ____، والذي يختفي في غضون ____.
أ. فقدان الذاكرة التراجعي، 48 ساعة
ب. الخلل التنفيذي، أسبوع واحد
ج. فقدان الذاكرة التقدمي، 24 ساعة
د. فقدان القدرة على الكلام، 12 ساعة","ج. فقدان الذاكرة التقدمي، 24 ساعة","Fill in the blanks in the following sentence:
Transient global amnesia (TGA) is characterized by sudden onset of ____, which resolves within ____.
A. Retrograde amnesia, 48 hours
B. Executive dysfunction, one week
C. Anterograde amnesia, 24 hours
D. Aphasia, 12 hours","C. Anterograde amnesia, 24 hours
",Neurology
"املأ الفراغات في الجملة التالية:
في حالات الاشتباه في الإصابة بمرض التليف الرئوي مجهول السبب، غالبًا ما يكشف التصوير التشخيصي عن ____، مع ظهور صور شعاعية طبيعية للصدر لدى 10% فقط من المرضى.
أ. عتامات زجاجية أرضية
ب. التكتلات
ج. ارتشاحات عقيدية
د. خلايا النحل",أ. عتامات زجاجية أرضية,"Fill in the blanks in the following sentence:
In cases of suspected IPF, diagnostic imaging often reveals ____, with only 10% of patients showing normal chest radiographs.
A. Ground-glass opacities
B. Consolidations
C. Nodular infiltrates
D. Honeycombing","A. Ground-glass opacities
",Pulmonology
"املأ الفراغات في الجملة التالية:
في الأشعة السينية على الصدر للانصباب الجنبي، غالبًا ما يكون ____ غير حاد، في حين أن الانصبابات الأكبر قد تسبب إزاحة ____.
أ. الزاوية الضلعية الحجابية؛ المنصف
ب. قمة الرئة؛ القلب
ج. الزاوية القلبية الحجابية؛ الرئوية
د. النتوء؛ الوعائي",أ. الزاوية الضلعية الحجابية؛ المنصف,"Fill in the blanks in the following sentence:
In chest X-rays of pleural effusion, the ____ is often blunted, while larger effusions may cause ____ displacement.
A. Costophrenic angle; mediastinal
B. Lung apex; cardiac
C. Cardiophrenic angle; pulmonary
D. Hilum; vascular","A. Costophrenic angle; mediastinal
",Pulmonology
"املأ الفراغات في الجملة التالية:
المعيار الذهبي لتشخيص مرض الرئة الخلالي يتضمن ____، والذي يسمح بتحديد مدى الإصابة الخلوية ونوع الالتهاب.
أ. تنظيف القصبات الهوائية
ب. خزعة عبر القصبات الهوائية
ج. التصوير المقطعي المحوسب عالي الدقة (HRCT)
د. غسل القصبات الهوائية والحويصلات الهوائية (BAL)",د. غسل القصبات الهوائية والحويصلات الهوائية (BAL),"Fill in the blanks in the following sentence:
The gold standard for diagnosing ILD involves ____, which allows determination of the extent of cellular involvement and the type of inflammation.
A. Bronchial brushing
B. Transbronchial biopsy
C. High-Resolution CT (HRCT)
D. Bronchoalveolar lavage (BAL)",D. Bronchoalveolar lavage (BAL),Pulmonology
"املأ الفراغ في الجملة التالية:
بزل السلى هو تقنية تستخدم لتشخيص التشوهات الجينية مثل ____.
أ. التليف الكيسي
ب. متلازمة داون
ج. فقر الدم المنجلي
د. مرض تاي ساكس",أ. التليف الكيسي,"Fill in the blank in the following sentence: 
Amniocentesis is a technique used to diagnose genetic abnormalities such as ____.
A. Cystic fibrosis
B. Down syndrome 
C. Sickle cell anemia
D. Tay-Sachs disease",A. Cystic fibrosis,OBGYN
"املأ الفراغات في الجملة التالية:
متلازمات الثلاسيميا هي مجموعة من الاضطرابات الوراثية الناتجة عن نقص اصطناع في سلاسل الغلوبين ___ أو ___.  
أ. α - β
ب. α - γ
ج. δ - β
د. α - δ","أ. α - β
","Fill in the blanks in the following sentence:
Thalassaemia syndromes are a group of genetic disorders resulting from a deficiency in the synthesis of ___ or ___ globin chains.
A. α - β
B. α - γ
C. δ - β
D. α - δ",A. α - β,Hematology
"املأ الفراغ في الجملة التالية:
يتميز داء السكري من النمط الأول بحدوث نقص شديد في _____ بشكل كامل أو جزئي, و يتم تأكيد التشخيص المناعي للمرض من خلال الكشف عن أجسام مضادة مثل Glutamic Acid Decarboxylase (GAD) و_____.
أ. الكورتيزول, IL-6
ب. الجلوكاجون, TSH
ج. الانسولين, IAA
د. الانسولين, HLA","ج. الانسولين, IAA
","Diabetes mellitus is characterized by a complete or partial deficiency of only one of _____, and the immunological diagnosis of the disease is diagnosed by detecting antibodies such as Glutamic Acid Decarboxylase (GAD) and ____.
A. Cortisol, IL-6
B. Glucagon, TSH
C. Insulin, IAA
D. Insulin, HLA","C. Insulin, IAA",Endocrinology
"املأ الفراغ في الجملة التالية:
بعد الولادة، يحدث زيادة في إفراز هرمون _____، الذي يعتبر ضرورياً للحفاظ على حرارة جسم الوليد.
أ. الكورتيزول
ب. TSH
ج. T4
د. T3",ب. TSH,"Fill in the blank in the following sentence:
After birth, there is an increase in the secretion of the hormone _____, which is necessary to maintain the newborn's body temperature.
A. Cortisol
B. TSH
C. T4
D. T3",B. TSH,OBGYN
"املأ الفراغات في الجملة التالية:
تبدأ إدارة الألم في التهاب البنكرياس المزمن عادةً بـ ____، ثم تتصاعد إلى ____ في الحالات الشديدة.
أ. مضادات التشنج؛ مسكنات الأفيون
ب. مضادات الالتهاب غير الستيرويدية؛ تعويض إنزيم البنكرياس
ج. مضادات الحموضة؛ الأفيونات
د. نظائر الأفيون؛ الجراحة",أ. مضادات التشنج؛ مسكنات الأفيون,"Fill in the blanks in the following sentence:
Pain management in chronic pancreatitis typically begins with ____, escalating to ____ for severe cases.
A. Antispasmodics; opioid analgesics
B. NSAIDs; pancreatic enzyme replacement
C. Antacids; opioids
D. Opiate analogues; surgery","A. Antispasmodics; opioid analgesics
",Gastroenterology
"املأ الفراغ في الجملة التالية:
الهدف من دفع العجان هو الحد من الانبساط السريع لرأس الجنين لأن الانبساط السريع يميز _____.
 أ. تمزق الأنسجة
 ب. قوة العضلات
 ج. تمدد العظام
 د. نزيف الأغشية"," أ. تمزق الأنسجة
","Fill in the blank in the following sentence:
The purpose of perineal thrusting is to reduce rapid dilation of the fetal head because rapid dilation is characteristic of _____.
A. Tissue tearing
B. Muscle tone
C. Bone stretching
D. Bleeding of membranes",A. Tissue tearing,OBGYN
"املأ الفراغات في الجملة التالية:
تشمل الأسباب الأيضية للغيبوبة ____، في حين تشمل الأسباب السامة عادةً مواد مثل ____.
أ. اعتلال الدماغ الكبدي؛ الكحول والباربيتورات
ب. نقص صوديوم الدم؛ المهدئات والأفيونات
ج. فرط بوتاسيوم الدم؛ الأسيتامينوفين ومضادات الاكتئاب
د. نقص كالسيوم الدم؛ الكوكايين والبنزوديازيبينات",أ. اعتلال الدماغ الكبدي؛ الكحول والباربيتورات,"Fill in the blanks in the following sentence:
Metabolic causes of coma include ____, while toxic causes commonly involve substances such as ____.
A. Hepatic encephalopathy; alcohol and barbiturates
B. Hyponatremia; sedatives and opiates
C. Hyperkalemia; acetaminophen and antidepressants
D. Hypocalcemia; cocaine and benzodiazepines","A. Hepatic encephalopathy; alcohol and barbiturates
",Neurology
"املأ الفراغ في الجملة التالية:
من الأعراض الشائعة لدى النساء المصابات بفرط برولاكتين الدم _____.
أ. إفراز اللبن
ب. انخفاض ضغط الدم
ج. العقم
د. جفاف المهبل",أ. إفراز اللبن,"Fill in the blank in the following sentence:
A common symptom in women with hyperprolactinemia is _____.
A. Galactorrhea
B. Hypotension
C. Infertility
D. Vaginal dryness
","A. Galactorrhea
",Endocrinology
"املأ الفراغات في الجملة التالية:
يتميز تطور التليف الرئوي مجهول السبب بـ ____، مما يؤدي إلى تليف لا رجعة فيه وفقدان ____.
أ. فرط توسع الحويصلات الهوائية؛ الإمداد الوعائي
ب. الالتهاب المزمن؛ وظيفة الحويصلات الهوائية
ج. تسلل الخلايا البلعمية؛ سلامة الأنسجة
د. تضيق القصبات الهوائية؛ التصريف اللمفاوي",ب. الالتهاب المزمن؛ وظيفة الحويصلات الهوائية,"Fill in the blanks in the following sentence:
The progression of IPF is characterized by ____, leading to irreversible fibrosis and loss of ____.
A. Alveolar overexpansion; vascular supply
B. Chronic inflammation; alveolar function
C. Macrophage infiltration; tissue integrity
D. Bronchial stenosis; lymphatic drainage","B. Chronic inflammation; alveolar function
",Pulmonology
"املأ الفراغات في الجملة التالية:
ينتج الداء النزفي عند الوليد بسبب نقص عوامل التخثر المتعلقة بفيتامين _____، ويعرف مخبرياً بانخفاض مستوى هذه العوامل عن ____%.
أ. A, 25%
ب. B, 30% 
ج. K, 30%
د. K, 25%","ج. K, 30%","Fill in the blanks in the following sentence:
Hemorrhagic disease of the newborn is caused by a deficiency of clotting factors related to vitamin _____, and is defined in the laboratory as a decrease in the level of these factors below ____%.
A. A, 25%
B. B, 30%
C. K, 30%
D. K, 25%","C. K, 30%",Pediatrics
"املأ الفراغات في الجملة التالية:
يختلف فشل القلب مع الحفاظ على كسر القذف (HFpEF) عن فشل القلب مع الحفاظ على كسر القذف (HFrEF) في أنه ____، بينما فشل القلب مع الحفاظ على كسر القذف ____.
أ. يسبب تمدد البطين؛ يسبب تضخم القلب المركزي
ب. ينطوي على انخفاض كسر القذف؛ يحافظ على كسر القذف الطبيعي
ج. يحافظ على الانقباض؛ يضعف الاسترخاء
د. يحافظ على كسر القذف > 50%؛ يكون كسر القذف < 40%",د. يحافظ على كسر القذف > 50%؛ يكون كسر القذف < 40%,"Fill in the blanks in the following sentence:
Heart failure with preserved ejection fraction (HFpEF) differs from HFrEF in that it ____, whereas HFrEF ____.
A. Causes ventricular dilation; causes concentric hypertrophy
B. Involves reduced EF; maintains normal EF
C. Preserves contractility; impairs relaxation
D. Maintains EF > 50%; has an EF < 40%",D. Maintains EF > 50%; has an EF < 40%,Cardiovascular System
"املأ الفراغات في الجملة التالية:
السبب المعدي الأكثر شيوعًا لالتهاب عضلة القلب هو ____، في حين أن السبب النادر يشمل ____.
أ. الفيروس الغدي؛ فيروس إبشتاين بار
ب. فيروس كوكساكي ب؛ تريبانوزوما كروزي
ج. فيروس التهاب الكبد ب؛ الفيروس المضخم للخلايا
د. فيروس الأنفلونزا؛ تريبانوزوما كروزي",ب. فيروس كوكساكي ب؛ تريبانوزوما كروزي,"Fill in the blanks in the following sentence:
The most common infectious cause of myocarditis is ____, whereas a rare cause includes ____.
A. Adenovirus; Epstein-Barr virus
B. Coxsackie B virus; Trypanosoma cruzi
C. Hepatitis B virus; Cytomegalovirus
D. Influenza virus; Trypanosoma cruzi",B. Coxsackie B virus; Trypanosoma cruzi,Cardiovascular System
"املأ الفراغ في الجملة التالية:
يمكن أن تسبب الأدوية مثل ____ ومضادات الدوبامين فرط برولاكتين الدم.
أ. حاصرات بيتا
ب. مضادات الاكتئاب ثلاثية الحلقات
ج. الكورتيكوستيرويدات
د. مثبطات مضخة البروتون",ب. مضادات الاكتئاب ثلاثية الحلقات,"Fill in the blank in the following sentence:
Medications such as ____ and dopamine antagonists can cause hyperprolactinemia.
A. Beta blockers
B. Tricyclic antidepressants
C. Corticosteroids
D. Proton pump inhibitors","B. Tricyclic antidepressants
",Endocrinology
"املأ الفراغات في الجملة التالية:
يُصنف الانصباب الجنبي بمستوى بروتين > 3 جم/ديسيلتر وتركيز LDH مرتفع على أنه ____، وغالبًا ما يُرى في الالتهاب الرئوي.
أ. رشح
ب. إفرازات
ج. رشح
د. انصباب كيلوسي",ب. إفرازات,"Fill in the blanks in the following sentence:
Pleural effusion with a protein level > 3 g/dL and a high LDH concentration is classified as ____, often seen in pneumonia.
A. Transudate
B. Exudate
C. Transudate
D. Chylous effusion",B. Exudate,Pulmonology
"املأ الفراغات في الجملة التالية:
غالبًا ما يصاب مرضى التهاب البنكرياس المزمن بـ ____، والذي ينتج عن انخفاض إفراز إنزيمات البنكرياس.
أ. ارتفاع سكر الدم
ب. إسهال دهني
ج. اليرقان
د. دوالي المريء",ب. إسهال دهني,"Fill in the blanks in the following sentence:
Chronic pancreatitis patients often develop ____, which results from a reduction in pancreatic enzyme secretion.
A. Hyperglycemia
B. Steatorrhea
C. Jaundice
D. Esophageal varices","B. Steatorrhea
",Gastroenterology
"املأ الفراغات في الجملة التالية:
في التشخيص التفريقي للغيبوبة، يمكن للتصوير مثل التصوير المقطعي المحوسب استبعاد ____، بينما تساعد الاختبارات المعملية في تحديد ____.
أ. إصابات جذع الدماغ؛ اعتلال الدماغ الكبدي
ب. نزيف داخل الجمجمة؛ اختلالات التمثيل الغذائي
ج. احتشاء دماغي؛ سمية الدواء
د. إصابة الحبل الشوكي؛ اضطرابات الكهارل",ب. نزيف داخل الجمجمة؛ اختلالات التمثيل الغذائي,"Fill in the blanks in the following sentence:
In the differential diagnosis of coma, imaging such as CT scan can exclude ____, while lab tests help identify ____.
A. Brainstem injuries; hepatic encephalopathy
B. Intracranial hemorrhage; metabolic imbalances
C. Cerebral infarction; drug toxicity
D. Spinal cord injury; electrolyte disturbances","B. Intracranial hemorrhage; metabolic imbalances
",Neurology
"املأ الفراغات في الجملة التالية:
في حالات فقدان الذاكرة الناجم عن اضطرابات التمثيل الغذائي، يكون ____ عاملًا شائعًا، وغالبًا ما يظهر مع أعراض ____.
أ. نقص صوديوم الدم، النوبات
ب. ارتفاع سكر الدم، التهيج
ج. نقص كالسيوم الدم، التكزز
د. نقص بوتاسيوم الدم، الشلل","أ. نقص صوديوم الدم، النوبات","Fill in the blanks in the following sentence:
In cases of memory loss caused by metabolic disturbances, ____ is a common factor, often presenting with symptoms of ____.
A. Hyponatremia, seizures
B. Hyperglycemia, irritability
C. Hypocalcemia, tetany
D. Hypokalemia, paralysis","A. Hyponatremia, seizures",Neurology
"املأ الفراغ في الجملة التالية:
الفيروس المسبب لمرض الحماق (جدري الماء) هو ______, و ينتقل المرض عن طريق الاتصال _____ مع آفات المصابين أو مع رذاذ أنوفهم.
أ. EBV, الجوي
ب.CMV, غير المباشر
ج. HSV, المباشر
د. VZV, المباشر","د. VZV, المباشر","Fill in the blank in the following sentence:
The virus that causes chickenpox is ____, and the disease is transmitted by contact with ____ lesions of infected people or with their nasal spray.
A. EBV, airborne
B. CMV, indirect
C. HSV, direct
D. VZV, direct","D. VZV, direct",Dermatology
"املأ الفراغ في الجملة التالية:
في المخاض الكاذب، يتعرض الرحم لانقباضات خفيفة وغير منتظمة وغير منتظمة وغير مؤلمة تسمى انقباضات ______.
أ. الولادة المبكرة
ب. الرحم
ج. كامنة
د. براكستون هيكس",د. براكستون هيكس,"Fill in the blank in the following sentence:
In false labour, the womb experiences light, uneven, inconsistent, and painless contractions called ______ contractions.
A. Preterm
B. Uterine 
C. Latent
D. Braxton Hicks",D. Braxton Hicks,OBGYN
"املأ الفراغ في الجملة التالية:
في الدورة الدموية للجنين، يوجد ____ لتحويل ____ الدم الداخل إلى الأذين الأيمن إلى الأذين الأيسر ليتم ضخه في الدورة الدموية.
أ. الثقبة العظمى، مؤكسجة
ب. الثقبة البيضاوية، مؤكسجة
ج. الثقبة الممزقة، غير مؤكسجة
د. القناة الوريدية، غير مؤكسجة","ب. الثقبة البيضاوية، مؤكسجة","Fill in the blank in the following sentence:
In fetal circulation, ____ exists to divert ____blood entering into the right atrium to the left atrium to be pumped into circulation.
A. Foramen magnum, oxygenated
B. Foramen ovale, oxygenated
C. Foramen lacerum, deoxygenated
D. Ductus venosus, deoxygenated","B. Foramen ovale, oxygenated",OBGYN
"املأ الفراغات في الجملة التالية:
تتضمن أعراض نقص الجليكوبين العصبي في ورم الأنسولين ____، ____، وفقدان الذاكرة.
أ. الدوخة؛ ازدواج الرؤية
ب. الغثيان؛ الجوع
ج. التعرق؛ تسرع القلب
د. الرعشة؛ القلق",أ. الدوخة؛ ازدواج الرؤية,"Fill in the blanks in the following sentence:
Neuroglycopenic symptoms of insulinoma include ____, ____, and amnesia.
A. Dizziness; diplopia
B. Nausea; hunger
C. Sweating; tachycardia
D. Tremors; anxiety","A. Dizziness; diplopia
",Gastroenterology
"املأ الفراغ في الجملة التالية:
يحدث التواء الرقبة الخلقي نتيجة لإصابة العضلة _______، ويظهر بعد الولادة بأسبوعين إلى ثلاثة أسابيع على شكل كتلة صلبة في منتصف العضلة المصابة.
أ. العضلة الإبرية اللامية
ب. العضلة ذات البطنين
ج. العضلة الذقنية اللامية
د. العضلة القصية الترقوية الخشائية",د. العضلة القصية الترقوية الخشائية,"Fill in the blank in the following sentence:
Congenital torticollis is caused by an injury of the _______ muscle, and it appears 2-3 weeks after birth as a hard lump in the middle of the affected muscle.
A. Stylohyoid
B. Digastric
C. Geniohyoid 
D. Sternocleidomastoid",D. Sternocleidomastoid,Pediatrics
"املأ الفراغ في الجملة التالية:
أحد الأسباب المناعية الذاتية لقصور الغدة الكظرية هو _____، والذي يرتبط بأجسام مضادة لـ 21-هيدروكسيلاز.
أ. الساركويد
ب. السل
ج. التهاب الغدة الكظرية المناعي الذاتي
د. داء ترسب الأصبغة الدموية",ج. التهاب الغدة الكظرية المناعي الذاتي,"Fill in the blank in the following sentence:
One of the autoimmune causes of adrenal insufficiency is _____, which is associated with 21-hydroxylase antibodies.
A. Sarcoidosis
B. Tuberculosis
C. Autoimmune Adrenalitis
D. Hemochromatosis
","C. Autoimmune Adrenalitis
",Endocrinology
"املأ الفراغ في الجملة التالية:
إن أحد الاضطرابات الكيميائية الحيوية الرئيسية لدى بعض المرضى المصابين بالصرع هو انخفاض الناقل العصبي المثبط _____.
أ. الغلوتامات
ب. حمض جاما أمينوبوتيريك
ج. الدوبامين
د. السيروتونين",ب. حمض جاما أمينوبوتيريك,"Fill in the blank in the following sentence:
A key biochemical abnormality in some patients with epilepsy is a reduction in the inhibitory neurotransmitter _____.
A. Glutamate
B. GABA
C. Dopamine
D. Serotonin
","B. GABA
",Neurology
"املأ الفراغ في الجملة التالية:
الإنتانات المعوية (التهاب المعدة والأمعاء) قد تترافق مع أعراض مثل القياء والإسهال، ومن أهم الاختلاطات هو ___، والذي يتم تقييمه في الفحص السريري من خلال غؤور العينين أو اليافوخ وتأخر عود الامتلاء الشعيري.
أ. التجفاف
ب. التهاب الحلق
ج. ألم العضلات
د. نفث الدم",أ. التجفاف,"Fill in the blank in the following sentence:
Intestinal infections (gastroenteritis) may be accompanied by symptoms such as vomiting and diarrhea, and the most important complication is ___, which is assessed on clinical examination by sunken eyes or fontanelles and delayed capillary refill.
A. Dehydration
B. Sore throat
C. Muscle pain
D. Hemoptysis",A. Dehydration,Pediatrics
"املأ الفراغات في الجملة التالية:
النتيجة المميزة للتصوير في التهاب البنكرياس المتكلس المزمن هي ____، وغالبًا ما ترتبط بـ ____.
أ. الأكياس الكاذبة؛ أسباب مجهولة السبب
ب. التكلسات؛ تعاطي الكحول
ج. تضيق القناة؛ التهاب البنكرياس المناعي الذاتي
د. تضخم البنكرياس؛ ارتفاع مستوى الدهون الثلاثية في الدم",ب. التكلسات؛ تعاطي الكحول,"Fill in the blanks in the following sentence:
The hallmark imaging finding in chronic calcifying pancreatitis is ____, often linked to ____.
A. Pseudocysts; idiopathic causes
B. Calcifications; alcohol abuse
C. Ductal stenosis; autoimmune pancreatitis
D. Enlarged pancreas; hypertriglyceridemia","B. Calcifications; alcohol abuse
",Gastroenterology
"املأ الفراغات في الجملة التالية:
يحدث فقدان الذاكرة بعد التهاب الدماغ عادةً بسبب ____، مما يؤدي إلى أعراض مثل ____ وفقدان الذاكرة المؤقت أو الدائم.
أ. الفيروس المضخم للخلايا، الخلل التنفيذي
ب. فيروس الهربس البسيط، فقدان الذاكرة الرجعي
ج. فيروس إبشتاين بار، الهلوسة البصرية
د. فيروس الأنفلونزا، الارتباك","ب. فيروس الهربس البسيط، فقدان الذاكرة الرجعي","Fill in the blanks in the following sentence:
Memory loss following encephalitis is commonly caused by ____, which leads to symptoms such as ____ and temporary or permanent amnesia.
A. CMV, executive dysfunction
B. HSV, retrograde amnesia
C. EBV, visual hallucinations
D. Influenza virus, confusion","B. HSV, retrograde amnesia",Neurology
"املأ الفراغ في الجملة التالية:
أحد الأسباب المناعية الذاتية لفرط نشاط الغدة الدرقية هو مرض _____، والذي يرتبط بوجود أجسام مضادة تحفز الغدة الدرقية.

أ. مرض أديسون
ب. مرض جريفز
ج. مرض هاشيموتو
د. مرض كوشينغ",ب. مرض جريفز,"Fill in the blank in the following sentence:
One of the autoimmune causes of hyperthyroidism is _____ disease, which is associated with the presence of thyroid-stimulating antibodies.
A. Addison's
B. Graves'
C. Hashimoto's
D. Cushing's","B. Graves'
",Endocrinology
"املأ الفراغات في الجملة التالية:
يتضمن علاج التهاب عضلة القلب الشديد عوامل مؤثرة على التقلص العضلي مثل ____، وهي مفيدة بشكل خاص في حالات انخفاض التقلص العضلي.
أ. الدوبيوتامين
ب. الأدرينالين
ج. الديجوكسين
د. النورأدرينالين",أ. الدوبيوتامين,"Fill in the blanks in the following sentence:
Treatment of severe myocarditis includes inotropic agents like ____, which are particularly useful in cases of reduced EF.
A. Dobutamine
B. Epinephrine
C. Digoxin
D. Norepinephrine","A. Dobutamine
",Cardiovascular System
"املأ الفراغات في الجمل التالية:
من بين العوامل التي تلعب دوراً في انسياخ الجينات المسؤولة عن التحول:  
1. يعتبر الجين ___ المنظم الأساسي للتحول.  
2. حالة ___ الجين.
3. تسلسل ___ ومعزز الصبغي.

أ. BCL11A - المثيلة - الربط
ب. BCL2 - التعبير - النسخ
ج. MYC - المثيلة - التسلسل
د. TP53 - الربط - التعبير","أ. BCL11A - المثيلة - الربط
","Fill in the blanks in the following sentences:
Among the factors that play a role in the transcription of genes responsible for transformation:
1. The gene ___ is the main regulator of transformation.
2. The state of the ___ of the gene.
3. The sequence of ___ and the chromosome promoter.

A. BCL11A - Methylation - Splicing
B. BCL2 - Expression - Transcription
C. MYC - Methylation - Sequence
D. TP53 - Splicing - Expression",A. BCL11A - Methylation - Splicing,Hematology
"املأ الفراغ في الجملة التالية:
في الأطفال، يتم علاج التهاب البلعوم الحاد عادةً باستخدام المضادات الحيوية مثل _____ و ______.
أ. إيمتريسيتابين، فوسكارنت
ب. السيفالوسبورينات، ميكرولايدات
ج. إيدوكسوريدين، أسيكلوفير
د. فانكومايسين، ميكرولايدات","ب. السيفالوسبورينات، ميكرولايدات","Fill in the blanks in the following sentence:
In infants, acute pharyngitis is typically treated using antibiotics such as _____ and ______.
A. Emtricitabine, Foscarnet
B. Cephalosporins, Microlides
C. Idoxuridine, Acyclovir
D. Vancomycin, Microlides","B. Cephalosporins, Microlides
",Pediatrics
"املأ الفراغات في الجملة التالية:
يشير اختبار D-Dimer الإيجابي إلى احتمال وجود جلطة دموية، في حين يشير الاختبار السلبي إلى ____.
أ. يستبعد PE
ب. يستبعد الانسداد الخثاري
ج. يستبعد الانسداد القلبي
د. يستبعد الالتهاب",ب. يستبعد الانسداد الخثاري,"Fill in the blanks in the following sentence:
A positive D-Dimer test indicates possible thrombus, while a negative test effectively ____.
A. Rules out PE
B. Excludes thromboembolism
C. Excludes cardiac embolism
D. Rules out inflammation","B. Excludes thromboembolism
",Cardiovascular System
"املأ الفراغ في الجملة التالية:
قبل عدة أيام من بدء المخاض، ترتفع مستويات _____ عند الجنين، مما يحفز الجهاز الأنزيمي على تحويل T4 إلى T3 الفعال استقلابياً.
أ. الكورتيزول
ب. الإستروجين
ج. الأنسولين
د. البرولاكتين
","أ. الكورتيزول
","Fill in the blank in the following sentence:
Several days before labor begins, the fetus's _____ levels rise, stimulating the enzyme system to convert T4 to the metabolically active T3.
A. Cortisol
B. Estrogen
C. Insulin
D. Prolactin",A. Cortisol,OBGYN
"املأ الفراغات في الجملة التالية:
عادة ما يحدث اعتلال الدماغ الناجم عن نقص الأكسجين والذي يؤدي إلى الغيبوبة بسبب ____، مما يؤدي إلى ____.
أ. السكتة الدماغية؛ العجز البؤري
ب. السكتة القلبية؛ نقص التروية الشامل
ج. فشل الكبد؛ الحماض الأيضي
د. تسمم الكحول؛ قلاء الجهاز التنفسي",ب. السكتة القلبية؛ نقص التروية الشامل,"Fill in the blanks in the following sentence:
Hypoxic encephalopathy leading to coma is commonly caused by ____, resulting in ____.
A. Stroke; focal deficits
B. Cardiac arrest; global hypoperfusion
C. Liver failure; metabolic acidosis
D. Alcohol intoxication; respiratory alkalosis","B. Cardiac arrest; global hypoperfusion
",Neurology
"املأ الفراغ في الجملة التالية:
السبب المرضي وراء انحلال الطبقة القرنية المنفرر هو كائنات _____ و_____.
أ. Micro-coccus و Sedentarius
ب. Streptococcus و Staphylococcus
ج. E. coli و Klebsiella
د. Pseudomonas و Clostridium","أ. Micro-coccus و Sedentarius
","Fill in the blank in the following sentence:
The pathological cause of keratolysis latina is _____ and ____.
A. Micrococci and Sedentarius
B. Streptococcus and Staphylococcus
C. Escherichia coli and Klebsiella
D. Pseudomonas and Clostridium",A. Micrococci and Sedentarius,Dermatology
"املأ الفراغات في الجملة التالية:
يحدث شلل إرب-دوشين بسبب انخفاض طفيف في حجم ____ و _____ في الضفيرة العضدية، مما يؤدي إلى وضع متطرف للطرف في التقريب الداخلي للمساعدة في وضع الكوع المميز.
أ. C5، C6
ب. C3، C4
ج. C4، C5
د. C6، C7","أ. C5, C6","Fill in the blanks in the following sentence:
Erb-Duchenne palsy is caused by a slight decrease in the size of the ____ and _____ of the brachial plexus, resulting in an extreme position of the limb in internal adduction to assist with the characteristic elbow position.
A. C5, C6
B. C3, C4
C. C4, C5
D. C6, C7","A. C5, C6",Pediatrics
"املأ الفراغ في العبارة التالية:
يحدث وضع ""إكرامية النادل"" في إصابات الضفيرة العضدية بسبب إصابة _____.
أ. جذور C5 وC6
ب. جذر T1
ج. العصب المتوسط
د. العصب الزندي",أ. جذور C5 وC6,"Fill in the blank in the following statement:
The ""Waiter Tip"" position in brachial plexus injuries is caused by the injury of _____.
A. C5 and C6 roots
B. T1 root
C. Median nerve
D. Ulnar nerve",A. C5 and C6 roots,Neurology
"املأ الفراغ في الجملة التالية:
يحدث الحماض الأيضي في الحماض الكيتوني السكري بسبب تراكم _____، والتي يتم إنتاجها بسبب تحلل الأحماض الدهنية في غياب الأنسولين.
أ. حمض اللاكتيك
ب. بيتا هيدروكسي بيوتيرات
ج. حمض البيروفيك
د. أسيتيل مرافق الإنزيم أ",ب. بيتا هيدروكسي بيوتيرات,"Fill in the blank in the following sentence:
The metabolic acidosis in DKA is caused by the accumulation of _____, which are produced due to the breakdown of fatty acids in the absence of insulin.
A. Lactic acid
B. Beta-hydroxybutyrate
C. Pyruvic acid
D. Acetyl-CoA","B. Beta-hydroxybutyrate
",Endocrinology
"املأ الفراغات في الجملة التالية:
غالبًا ما يشير وجود ____ في التصوير إلى مضاعفات مثل الأكياس الكاذبة أو الخراجات في التهاب البنكرياس المزمن.
أ. التليف
ب. تكلسات القناة
ج. آفات الكتلة
د. تجمعات السوائل",د. تجمعات السوائل,"Fill in the blanks in the following sentence:
The presence of ____ on imaging often indicates complications like pseudocysts or abscesses in chronic pancreatitis.
A. Fibrosis
B. Ductal calcifications
C. Mass lesions
D. Fluid collections",D. Fluid collections,Gastroenterology
"املأ الفراغ في الجملة التالية:
في الأطفال حديثي الولادة، تظهر ______ على هيئة رعشة عضلية بؤرية قصيرة تؤثر على الأطراف. في هذه الحالة، يكون الطفل حديث الولادة واعيًا بشكل عام، ولكن الرعشة قد تستمر لفترة طويلة من الزمن، مما يؤثر على الوعي ويؤدي إلى زرقة الجلد.

أ. نقص إنزيم المالتاز الحمضي
ب. ضمور العضلات
ج. انحلال الربيدات
د. التصلب الجانبي الضموري (ALS)",ب. ضمور العضلات,"Fill in the blank in the following sentence:
In newborns, ______ appears as short focal muscle tremors affecting the extremities. In this condition, the newborn is generally conscious but the tremors may last for a long period of time, affecting consciousness and leading to cyanosis. 
A. Acid Maltase Deficiency
B. Muscular Dystrophy
C. Rhabdomyolysis
D. Amytrophic Lateral Sclerosis (ALS)",B. Muscular Dystrophy,Pediatrics
"املأ الفراغ في الجملة التالية:
عند الفحص الروتيني للطفل، ___________ هو السبب الأكثر احتمالا لتضخم كيس الصفن واختبار العتامة الإيجابي.
أ. ثدي الخصية 
ب. التهاب البربخ
ج. القيلة المائية
د. الفتق الإربي","ج. القيلة المائية
","Fill in the blank in the following sentence:
On routine examination of a child, ___________ is the most likely cause of scrotal enlargement and a positive opacity test.
A. Testicular breast
B. Epididymitis
C. Hydrocele
D. Inguinal hernia",C. Hydrocele,Pediatrics
"املأ الفراغات في الجملة التالية:
أحد أكثر عوامل الخطر الوراثية شيوعًا للإصابة بالجلطة الوريدية العميقة هو ____، والذي يحدث بسبب طفرة في ____.
أ. نقص العامل الثامن؛ العامل الثامن
ب. نقص بروتين S؛ بروتين S
ج. عامل لايدن الخامس؛ العامل الخامس
د. طفرة البروثرومبين؛ العامل الثاني",ج. عامل لايدن الخامس؛ العامل الخامس,"Fill in the blanks in the following sentence:
One of the most common inherited risk factors for DVT is ____, caused by a mutation in ____.
A. Factor VIII deficiency; Factor VIII
B. Protein S deficiency; Protein S
C. Factor V Leiden; Factor V
D. Prothrombin mutation; Factor II","C. Factor V Leiden; Factor V
",Cardiovascular System
"املأ الفراغ في الجملة التالية:
دفع العجان هو إجراء يتم القيام به لحماية نسيج العجان و_____ من التمزق.
أ. الجلد
 ب. الأغشية
 ج. الأشفار
 د. العضلات", ج. الأشفار,"Fill in the blank in the following sentence:
Perineal thrust is a procedure done to protect the perineal tissue and ____ from tearing.
A. Skin
B. Membranes
C. Labia
D. Muscles",C. Labia,OBGYN
"املأ الفراغات في الجملة التالية:
يحدث الانصباب الجنبي النضحي عادة بسبب ____، في حين يرتبط الانصباب النضحي بـ ____.
أ. العدوى؛ فشل الأعضاء
ب. الأورام الخبيثة؛ أمراض المناعة الذاتية
ج. زيادة نفاذية الشعيرات الدموية؛ زيادة الضغط الهيدروستاتيكي
د. الانسداد الرئوي؛ متلازمة الكلى",ج. زيادة نفاذية الشعيرات الدموية؛ زيادة الضغط الهيدروستاتيكي,"Fill in the blanks in the following sentence:
Exudative pleural effusion is commonly caused by ____, whereas transudative effusion is associated with ____.
A. Infections; organ failure
B. Malignancies; autoimmune diseases
C. Increased capillary permeability; increased hydrostatic pressure
D. Pulmonary embolism; nephrotic syndrome","C. Increased capillary permeability; increased hydrostatic pressure
",Pulmonology
"املأ الفراغات في الجملة التالية:
في الحبل السري، تكون الأوعية الدموية محاطة بمادة هلامية تسمى _____، والتي تتكون إلى حد كبير من ______ ووظيفتها الرئيسية هي عزل وحماية الحبل السري في الرحم.
أ. هلام وارتون - الكولاجين
ب. الغضاريف - البروتينات
ج. هلام وارتون، عديدات السكاريد المخاطية
د. السائل الأمنيوسي، حمض الهيالورونيك","ج. هلام وارتون، عديدات السكاريد المخاطية","Fill in the blanks in the following sentence:
In the ubmillical cord, the blood vessels are surrounded by a gelatinous substance called _____, which is largely made up of ______ and whose main function is to insulate and protect the umbillical cord in the womb.
A. Wharton's Jelly - Collagen
B. Cartilage - Proteins
C. Wharton's Jelly, Mucopolysaccharides
D. Amniotic Fluid - Hyaluronic Acid","C. Wharton's Jelly, Mucopolysaccharides",OBGYN
"املأ الفراغات في الجملة التالية:
يرجع تراكم السوائل في الانصباب الجنبي إلى اختلال التوازن بين ____ و____.
أ. الضغط الجرمي؛ الضغط الهيدروستاتيكي
ب. تركيز LDH؛ مستويات البروتين
ج. الدهون الثلاثية؛ الكوليسترول
د. الناتج السائل؛ سلامة الشعيرات الدموية",أ. الضغط الجرمي؛ الضغط الهيدروستاتيكي,"Fill in the blanks in the following sentence:
The accumulation of fluid in pleural effusion is due to an imbalance between ____ and ____.
A. Oncotic pressure; hydrostatic pressure
B. LDH concentration; protein levels
C. Triglycerides; cholesterol
D. Fluid output; capillary integrity","A. Oncotic pressure; hydrostatic pressure
",Pulmonology
"املأ الفراغات في الجملة التالية:
تُخصص العوامل المحللة للخثرات مثل ____، لحالات الخثار الوريدي العميق أو الانسداد الرئوي الشديد مع ضعف ديناميكيات الدم.
أ. الوارفارين
ب. كلوبيدوجريل
ج. الأسبرين
د. ستربتوكيناز",د. ستربتوكيناز,"Fill in the blanks in the following sentence:
Thrombolytic agents like ____, are reserved for cases of massive DVT or PE with hemodynamic compromise.
A. Warfarin
B. Clopidogrel
C. Aspirin
D. Streptokinase  ",D. Streptokinase  ,Cardiovascular System
"املأ الفراغات في الجملة التالية:
في حالات التسمم بالباربيتورات، تتميز الغيبوبة بـ ____، مع العلاج الذي يشمل ____.
أ. حدقة العين؛ إعطاء عقار النالوكسون
ب. انخفاض حرارة الجسم؛ استخدام عقار الفلومازينيل
ج. ضعف المنعكسات؛ الرعاية الداعمة
د. الانفعال؛ حقن الجلوكوز",ج. ضعف المنعكسات؛ الرعاية الداعمة,"Fill in the blanks in the following sentence:
In cases of barbiturate poisoning, coma is characterized by ____, with treatment involving ____.
A. Pinpoint pupils; naloxone administration
B. Hypothermia; flumazenil use
C. Hyporeflexia; supportive care
D. Agitation; glucose infusion","C. Hyporeflexia; supportive care
",Neurology
"املأ الفراغات في الجملة التالية:
تتضمن أعراض قصور القلب الأيمن ____، بينما يظهر قصور القلب الأيسر عادةً ____.
أ. الوذمة الرئوية؛ الوذمة الطرفية
ب. الوذمة الطرفية؛ احتقان الرئة
ج. ارتفاع ضغط الدم؛ انخفاض ضغط الدم
د. بطء القلب؛ تسرع القلب",ب. الوذمة الطرفية؛ احتقان الرئة,"Fill in the blanks in the following sentence:
Symptoms of right-sided heart failure include ____, while left-sided heart failure commonly presents with ____.
A. Pulmonary edema; peripheral edema
B. Peripheral edema; pulmonary congestion
C. Hypertension; hypotension
D. Bradycardia; tachycardia","B. Peripheral edema; pulmonary congestion
",Cardiovascular System
"املأ الفراغات في الجملة التالية:
تتضمن الأعراض السريرية لالتهاب البنكرياس المزمن عادةً ____، بينما يصبح الإسهال الدهني واضحًا عندما ينخفض ​​إفراز الليباز البنكرياسي إلى أقل من ____ من المعدل الطبيعي.
أ. ألم في المنطقة الشرسوفية؛ 10%
ب. فقدان الوزن؛ 30%
ج. الغثيان؛ 25%
د. اليرقان؛ 50%",أ. ألم في المنطقة الشرسوفية؛ 10%,"Fill in the blanks in the following sentence:
Clinical symptoms of chronic pancreatitis typically include ____, while steatorrhea becomes evident when pancreatic lipase secretion falls below ____ of normal.
A. Epigastric pain; 10%
B. Weight loss; 30%
C. Nausea; 25%
D. Jaundice; 50%","A. Epigastric pain; 10%
",Gastroenterology
"املأ الفراغات في الجملة التالية:
عند الرضع حديثي الولادة (36 ساعة أو أقل)، عادة ما يكون النزيف تحت _____ غير ضار، في حين أن النزيف في _____ يدل على إصابة خطيرة.
أ. القرنية، الصلبة
ب. الملتحمة، شبكية العين
ج. الملتحمة، القرنية
د. العدسة، الشبكية","ب. الملتحمة، شبكية العين","Fill in the blanks in the following sentence:
In newborn infants (36 hours or less), bleeding under the _____ is usually harmless, while bleeding in the _____ indicates a serious injury.
A. Cornea, sclera
B. Conjunctiva, retina
C. Conjunctiva, cornea
D. Lens, retina","B. Conjunctiva, retina",Pediatrics
"املأ الفراغ في الجملة التالية:
فيروس الهربس البسيط يسبب آفات في منطقة _____ وينتقل بالاتصال المباشر أو الاتصال الجنسي.
أ. الوصل الجلدي المخاطي
ب. النصف العلوي للجسم
ج. الأعضاء الداخلية
د. الأظافر","أ. الوصل الجلدي المخاطي
","Fill in the blank in the following sentence:
Herpes simplex virus causes lesions in the _____ area and is transmitted by direct contact or sexual contact.
A. Mucocutaneous junction
B. Upper half of the body
C. Internal organs
D. Nails",A. Mucocutaneous junction,Dermatology
"املأ الفراغات في الجملة التالية:
يحدث الكيلوس الصدري، وهو شكل نادر من الانصباب الجنبي، بسبب ____، مما يؤدي إلى تراكم ____.
أ. الخباثة؛ سائل ملطخ بالدم
ب. العدوى البكتيرية؛ مادة قيحية
ج. الصدمة؛ سائل مستنفد من البروتين
د. اضطراب الليمفاوية؛ سائل غني بالدهون الثلاثية",د. اضطراب الليمفاوية؛ سائل غني بالدهون الثلاثية,"Fill in the blanks in the following sentence:
Chylothorax, a rare form of pleural effusion, is caused by ____, leading to the accumulation of ____.
A. Malignancy; blood-stained fluid
B. Bacterial infections; purulent material
C. Trauma; protein-depleted fluid
D. Lymphatic disruption; triglyceride-rich fluid",D. Lymphatic disruption; triglyceride-rich fluid,Pulmonology
"املأ الفراغ في الجملة التالية:
في حالات قصور الغدة الكظرية، يمكن أن يحدث الجفاف نتيجة _____ وزيادة إفراز هرمون ADH.
أ. نقص صوديوم الدم
ب. فرط بوتاسيوم الدم
ج. نقص كالسيوم الدم
د. فرط سكر الدم",أ. نقص صوديوم الدم,"Fill in the blank in the following sentence:
In cases of adrenal insufficiency, dehydration can result from _____ and increased ADH release.
A. Hyponatremia
B. Hyperkalemia
C. Hypocalcemia
D. Hyperglycemia
","A. Hyponatremia
",Endocrinology
"املأ الفراغات في الجملة التالية:
بعد الإخصاب، تنقسم الخلايا البلعمية بشكل مستمر لمدة 72 ساعة حتى تشكل كرة مكونة من 16 خلية تسمى ____، والتي تتحول بعد ذلك إلى كيسة أريمية.
أ. الخلية البلعمية
ب. البيضة الملقحة
ج. التوتة
د. الجنينة",ج. التوتة,"Fill in the blanks in the following sentence:
After fertilization, blastomeres divide continously for 72 hours until they form a 16 cell ball called the ____, which then turns into a blastocyst.
A. Blastula
B. Zygote
C. Morula
D.Gastrula",C. Morula,OBGYN
"املأ الفراغات في الجملة التالية:
يتم تأكيد تشخيص ورم الأنسولين من خلال إظهار نقص سكر الدم أثناء الصيام، مع مستويات جلوكوز الدم أقل من ____ ومستويات الأنسولين ____ أثناء النوبة.
أ. 100 مجم/ديسيلتر؛ مرتفع
ب. 70 مجم/ديسيلتر؛ مكبوت
ج. 40 مجم/ديسيلتر؛ مرتفع
د. 50 مجم/ديسيلتر؛ مكبوت",ج. 40 مجم/ديسيلتر؛ مرتفع,"Fill in the blanks in the following sentence:
The diagnosis of insulinoma is confirmed by demonstrating fasting hypoglycemia, with blood glucose levels below ____ and insulin levels ____ during an episode.
A. 100 mg/dL; elevated
B. 70 mg/dL; suppressed
C. 40 mg/dL; elevated
D. 50 mg/dL; suppressed","C. 40 mg/dL; elevated
",Gastroenterology
"املأ الفراغات في الجملة التالية:
في إدارة الخثار الوريدي العميق الحاد، يتضمن العلاج الأولي ____، يليه علاج طويل الأمد بـ ____.
أ. الهيبارين؛ الوارفارين
ب. الأسبرين؛ ريفاروكسابان
ج. كلوبيدوجريل؛ أبيكسابان
د. مضادات التخثر؛ الأسبرين بجرعات منخفضة",أ. الهيبارين؛ الوارفارين,"Fill in the blanks in the following sentence:
In managing acute DVT, initial therapy involves ____, followed by long-term therapy with ____.
A. Heparin; Warfarin
B. Aspirin; Rivaroxaban
C. Clopidogrel; Apixaban
D. Thrombolytics; Low-dose aspirin","A. Heparin; Warfarin
",Cardiovascular System
"املأ الفراغات في الجملة التالية:
في حالات الخرف، يشير الحرف D في الاختصار DEMENTIAS إلى _____. تحدث هذه الحالة عادةً بسبب ____ أو الاستخدام غير السليم للأدوية.
أ. الاكتئاب، نقص فيتامين ب12
ب. المخدرات، سمية الكحول
ج. الجفاف، خلل الغدة الدرقية
د. الخرف، الطفرات الجينية","ب. المخدرات، سمية الكحول","Fill in the blanks in the following sentence:
In cases of dementia, the D in the acronym DEMENTIAS refers to _____. This condition is commonly caused by ____ or improper use of medications.
A. Depression, B12 deficiency
B. Drugs, alcohol toxicity
C. Dehydration, thyroid dysfunction
D. Dementia, genetic mutations","B. Drugs, alcohol toxicity
",Neurology
"املأ الفراغ في الجملة التالية:
العلاج الموضعي لانحلال الطبقة القرنية المنفرر يعتمد على استخدام _____.
أ. إريثرومايسين
ب. بنسلين
ج. سيبروفلوكساسين 
د. تتراسيكلين
",إريثرومايسين,"Fill in the blank in the following sentence:
Topical treatment of keratolysis externa depends on the use of _____.
A. Erythromycin
B. Penicillin
C. Ciprofloxacin
D. Tetracycline",A. Erythromycin,Dermatology
"املأ الفراغ في الجملة التالية:
إن السمة المميزة للنوبات التوترية الرمعية المعممة هي _____.
أ. غياب التشنجات
ب. البكاء بنبرة عالية
ج. حركة متناظرة لجميع الأطراف
د. فقدان الذاكرة",ج. حركة متناظرة لجميع الأطراف,"Fill in the blank in the following sentence:
A distinguishing feature of generalized tonic-clonic seizures (GTCs) is _____.
A. The absence of convulsions
B. High-pitched crying
C. Symmetrical movement of all limbs
D. Loss of memory","C. Symmetrical movement of all limbs
",Neurology
"املأ الفراغات في الجملة التالية:
في سياق التهاب عضلة القلب، تشير مستويات WBC وESR المرتفعة إلى ____، بينما يساعد اختبار الأجسام المضادة الفيروسية في تأكيد ____.
أ. عدوى جهازية؛ السبب المناعي الذاتي
ب. عدوى بكتيرية إضافية؛ العدوى المصاحبة
ج. التهاب حاد؛ العامل الفيروسي المحدد
د. التهاب مزمن؛ تثبيط المناعة",ج. التهاب حاد؛ العامل الفيروسي المحدد,"Fill in the blanks in the following sentence:
In the context of myocarditis, elevated WBC and ESR levels are suggestive of ____, while viral antibody testing helps confirm ____.
A. A systemic infection; autoimmune etiology
B. A bacterial superinfection; co-infections
C. Acute inflammation; the specific viral agent
D. Chronic inflammation; immune suppression",C. Acute inflammation; the specific viral agent,Cardiovascular System
"املأ الفراغ في الجملة التالية:
في مرض جريفز، يؤدي وجود أجسام مضادة _____ ضد مستقبلات TSH إلى فرط نشاط الغدة الدرقية.
أ. مثبطة
ب. محايدة
ج. سامة للخلايا
د. محفزة",د. محفزة,"Fill in the blank in the following sentence:
In Graves' disease, the presence of _____ antibodies against TSH receptors results in hyperthyroidism.
A. inhibitory
B. neutral
C. cytotoxic
D. stimulatory",D. stimulatory,Endocrinology
"املأ الفراغ في الجملة التالية:
في الحماض الكيتوني السكري، يعاني الجسم من الجفاف الشديد بسبب إدرار البول _____، مما يؤدي إلى فقدان الإلكتروليتات مثل الصوديوم و_____.
أ. هرموني، كالسيوم
ب. أونكوتيك، ماغنيسيوم
ج. تناضحي، بوتاسيوم
د. كلوي، كلوريد","ج. تناضحي، بوتاسيوم","Fill in the blank in the following sentence:
In DKA, the body experiences severe dehydration due to _____ diuresis, leading to a loss of electrolytes such as sodium and _____.
A. hormonal, calcium
B. oncotic, magnesium
C. osmotic, potassium
D. renal, chloride","C. osmotic, potassium
",Endocrinology
"املأ الفراغات في الجملة التالية:
يقيس اختبار تشخيص قصور إفراز البنكرياس مستويات ____ في البراز، والتي تنخفض بشكل كبير في التهاب البنكرياس المزمن المتقدم.
أ. الأميليز
ب. الليباز
ج. الكيموتريبسين
د. الإيلاستاز",د. الإيلاستاز,"Fill in the blanks in the following sentence:
A diagnostic test for pancreatic exocrine insufficiency measures ____ levels in stool, which decrease significantly in advanced chronic pancreatitis.
A. Amylase
B. Lipase
C. Chymotrypsin
D. Elastase",D. Elastase,Gastroenterology
"املأ الفراغ في الجملة التالية:
من بين أكثر الاختبارات التشخيصية شيوعًا المستخدمة لمرض الهيموجلوبين الليلي الانتيابي _____ و ______.
أ. اختبار كومبس - قياس التدفق الخلوي
ب. اختبار هارتمان بالماء والسكر، اختبار هام
ج. اختبار الماء والسكر - عدد الشبكيات
د. اختبار هام - اختبار مضاد الجلوبولين المباشر","ب. اختبار هارتمان بالماء والسكر، اختبار هام
","Fill in the blank in the following sentence:
Among the most commonly used diagnostic tests for paroxysmal nocturnal hemoglobinuria are _____ and ______.
A. Coombs test - Flow cytometry
B. Hartmann's sugar water test, Ham's test
C. Sugar water test - Reticulocyte count
D. Ham's test - Direct antiglobulin test","B. Hartmann's sugar water test, Ham's test
",Hematology
"املأ الفراغات في الجملة التالية:
يتضمن التصوير الدقيق لتحديد التشوهات البنيوية في التهاب البنكرياس المزمن ____، وهو أفضل من الموجات فوق الصوتية في الكشف عن _____.
أ. التصوير المقطعي المحوسب؛ الأكياس الكاذبة
ب. تصوير البنكرياس والقنوات الصفراوية بالرنين المغناطيسي؛ التكلسات
ج. الموجات فوق الصوتية بالمنظار؛ التليف
د. التصوير بالرنين المغناطيسي؛ التشوهات الوعائية",ج. الموجات فوق الصوتية بالمنظار؛ التليف,"Fill in the blanks in the following sentence:
Definitive imaging for identifying structural abnormalities in chronic pancreatitis includes ____, which is superior to ultrasound in detecting _____.
A. CT scan; pseudocysts
B. MRCP; calcifications
C. Endoscopic ultrasound; fibrosis
D. MRI; vascular abnormalities","C. Endoscopic ultrasound; fibrosis
",Gastroenterology
"املأ الفراغات في الجملة التالية:
يتم استيفاء تشخيص الانصباب النضحي وفقًا لمعايير لايت عندما يتجاوز LDH السائل الجنبي ____ الحد الأعلى لـ LDH الطبيعي في المصل.
أ. 30%
ب. 50%
ج. 60%
د. 70%",د. 70%,"Fill in the blanks in the following sentence:
A Light’s criteria diagnosis of exudative effusion is met when pleural fluid LDH exceeds ____ of the upper limit of normal serum LDH.
A. 30%
B. 50%
C. 60%
D. 70%",D. 70%,Pulmonology
"املأ الفراغ في الجملة التالية:
يمكن أن تظهر متلازمات الأورام الصماء المتعددة أحيانًا مع _____ وفرط نشاط الغدة الدرقية في نفس الوقت.
أ. ورم القواتم
ب. ورم الغدة النخامية
ج. قصور الغدة الكظرية
د. تضخم الغدة جار الدرقية",أ. ورم القواتم,"Fill in the blank in the following sentence:
Multi-endocrine neoplasia syndromes can occasionally present with concurrent _____ and hyperthyroidism.
A. pheochromocytoma
B. pituitary adenoma
C. adrenal insufficiency
D. parathyroid hyperplasia",A. pheochromocytoma,Endocrinology
"املأ الفراغ في الجملة التالية:
فقر الدم الأرومي الحديدي يتميز بوجود أرومات في ___ يتوضع الحديد فيها بشكل حلقة حول النواة.
أ. السمحاق
ب. نقيّ العظم
ج. الغضروف المفصلي
د. العظم الإسفنجي",ب. نقيّ العظم,"Fill in the blank in the following sentence:
Sideroblastic anemia is characterized by the presence of blasts in ___ in which iron is located in a ring around the nucleus.
A. Periosteum
B. Bone marrow
C. Articular cartilage
D. Spongy bone","B. Bone marrow
",Hematology
"املأ الفراغ في الجملة التالية:
الحماض الكيتوني السكري (DKA) هو حالة تهدد الحياة تحدث في المقام الأول لدى مرضى السكري من النوع _____ وتتميز بـ _____ الأيضي.
أ. 1، الحماض
ب. 2، القلاء
ج. 1، القلاء
د. 2، الحماض","أ. 1، الحماض","Fill in the blank in the following sentence:
Diabetic ketoacidosis (DKA) is a life-threatening condition that primarily occurs in patients with type _____ diabetes and is characterized by metabolic _____.
A. 1, Acidosis
B. 2, Alkalosis
C. 1, Alkalosis
D. 2, Acidosis","A. 1, Acidosis",Endocrinology
"املأ الفراغ في الجملة التالية:
في تشخيص قصور الغدة الكظرية، يتضمن اختبار سيناكثين القصير حقن _____ وقياس مستويات الكورتيزول بعد 30 دقيقة.
أ. 100 مجم من هيدروكورتيزون
ب. 250 ميكروجرام من هرمون قشر الكظر
ج. 5 مجم من بريدنيزولون
د. 50 ميكروجرام من ديكساميثازون",ب. 250 ميكروجرام من هرمون قشر الكظر,"Fill in the blank in the following sentence:
In the diagnosis of adrenal insufficiency, the Short Synacthen Test involves injecting _____ and measuring cortisol levels after 30 minutes.
A. 100 mg of hydrocortisone
B. 250 mcg of ACTH
C. 5 mg of prednisolone
D. 50 mcg of dexamethasone
","B. 250 mcg of ACTH
",Endocrinology
"املأ الفراغ في الجملة التالية:
يُعتبر نقص فيتامين _____ من الأسباب الشائعة لفقر الدم الضخم الأرومات، حيث يؤدي إلى اضطراب في تصنيع الحمض النووي وانقسام الخلايا.
أ. B6
ب. B12
ج. C
د. D",ب. B12,"Fill in the blank in the following sentence:
Vitamin _____ deficiency is a common cause of megaloblastic anemia, as it leads to a disturbance in DNA synthesis and cell division.
A. B6
B. B12
C. C
D. D",B. B12,Endocrinology