Question,Answer,Category
"كل ما هو آت صحيح عن محفظة بومان ما عدا:
أ. تتداخل الاستطالات القدمية مع بعضها لتشكيل شقوق الرشح
ب. تتصل المسافة المحفظية بجوفها مع لمعة الأنبوب للقريب
ج. تعطي الوريقة الحشوية استطالات ترافق تفرعات الاوعية
د. ترسل الخلايت تلقدمية استطالات سيتوبلاسمية باتجاه المسافة المحفظية",د. ترسل الخلايت تلقدمية استطالات سيتوبلاسمية باتجاه المسافة المحفظية,Histology
"كل ما يلي صحيح عن السفلس ماعدا:
أ. يتميز الطور الاول بسلبية الاختبارات المصلية
ب. يتميز الطور الاول بقرحة صلبة مؤلمة غلى الاعضاء التناسلية
ج. يتميز الطور الثاني باندفاعات على الجلد والاغشية المخاطية
د. %25 من الاجنة تموت بعد الوالدة من ام مصابة
ه. يعاني الطفل ألمصاب بالزهري الخلقي من اسنان هوتشنسن","ب. يتميز الطور الاول بقرحة صلبة مؤلمة غلى الاعضاء التناسلية
",Microbiology
"من العلاجات التلطيفية للحبن الخبيث:

أ. المعالجة الكيميائية للورم البطني
ب. المعالجة الشعاعية للبطن
ج. المدرات
د. البزل المتكرر
هـ. تحويلة بريتوانية وريدية",د. البزل المتكرر,Oncology
"أي مما يلي تستبعد إصابته في الجحوظ الورمي:
أ. العصب البصري
ب. العصب الثالث
ج. العصب السادس
د. العصب العاشر
ه. كل ما سبق لا يصاب",د. العصب العاشر,Ophthalmology
"كل ما يلي صحيح عن المساريقا ما عدا:
أ. طبقة وحيدة من البريتوان
ب. تؤمن مرور الاعصاب والاوعية للاحشاء
ج. يتشكل الرباط المنجلي من المساريقا البطنية
د. يتشكل الثرب الكبير من المساريقا الظهرية للمعدة
ه. مساريقا الصائم اللفائفي هي مساريقا ظهرانية","أ. طبقة وحيدة من البريتوان
",Embryology
"من مكونات الجريبات المبيضية وتفرز ال androstenadione: 
أ. الخلايا الجريبية 
ب. الخلايا الحبيبية
ج. خلايا القراب الداخلي
د. خلايا القراب الخارجي
ه. الخلية البيضية الأولية",ج. خلايا القراب الداخل,Histology
"الدانترولين يملك تأثير:
أ. مرخّي للعضلات الملساء
ب. مرخّي للعضلات الهيكلية
ج. مثبط للفوسفو داي إستراز
د. معاكسا لعمل الهيبارين
هـ. مشابه لتأثير البابا فيرين","ب. مرخّي للعضلات الهيكلية
",Pharmacology
"يتحرر الأستيل كولين من الأماكن التالية عدا:
أ. جميع العصبونات قبل العقدة في الجهاز العصبي المستقل
ب. جميع العصبونات بعد العقدة في القسم اللاودي
ج. العصبونات بعد العقدة في القسم الودي المعصب للغدد العرقية
د. العصبونات بعد العقدة في القسم الودي المعصب للغدد اللعابية",د. العصبونات بعد العقدة في القسم الودي المعصب للغدد اللعابية,Physiology
"ما يلي حول التهاب الكبد المزمن المرتقي الفعال صحيح ما عدا:
أ. قد توجد ضخامة كبدية وطحالية
ب. النمط المنيع للذات أكثر شيوعاً لدى الذكور
ج. من الأعراض: وهن عام وتعب، مع وجود آلام مفصلية
د. في الغالب يكون إنذار هذه الحالات سيئا","ب. النمط المنيع للذات أكثر شيوعاً لدى الذكور
",Biochemistry
"كل العوامل التالية تزيد امتصاص الحديد عدا:
أ. الإريثروبويتين
ب. انخفاض ph الوسط المعوي
ج. C الفيتامين
د. الكالسيتونين",د. الكالسيتونين,Physiology
"التبادل المتبادل بين الكروموسوم 8 و 14 يسبب:

أ. لمفوما مانتيل
ب. لمفوما بوركت
ج. لمفوما هودجكن
د. نقيوم متعدد
هـ. ابيضاض لمفاوي حاد",ب. لمفوما بوركت,Oncology
"في حال حدوث خلل اثناء التشكل الجنيني اي من البنى التالية تشكل ناسور مع الرغامى:
أ. الأبهر 
ب. ألحجاب الحاجز 
ج. المري
د. التامور
ه. الرغامى",ج. المري,Embryology
"تتصف العصيدة الشريانية بما يلي عدا: 
أ. هي تثخن موضعي في طبقة ال Media 
ب. تكاثر الخلايا العضلية الملساء
ج. ترسب الكولسترول في ال Macrophages 
د. الأول والثاني
","أ. هي تثخن موضعي في طبقة ال Media 
",Histology
"يتصف تقلص العضالت الملس بما يلي عدا:
أ. يقوم الكالمودولين بدور مشابه لعمل الترومبين في العضلات الهيكلية
ب. يكفي انخفاض ترکيز شوارد الكالسيوم دون المستوى الحرج لحدوث السترخاء العضلي
ج. يحتوي غشاء العضلة الملساء على انماط متعددة من البروتينات المستقبلة
د. يستمر ارتباط جسور الميوزين مع خيوط اللاكتين لفترة اطول من مثيالتها في
العضالت الهيكلة","ب. يكفي انخفاض ترکيز شوارد الكالسيوم دون المستوى الحرج لحدوث السترخاء العضلي
",Physiology
" اشر الاحتمال المقبول:
أ. ان التحام الابهرين الظهريين يستمر حتى الشهرالخامس 
ب. تعطي قوس الابهر الثالثة جزء من السباتي الأصلي
ج. يعطي كيس الأبهر كامل الجذع العضدي الرأسي
د. تشكل كل قوس الاهرية قناه شريانية مؤقتة 
","ب. تعطي قوس الابهر الثالثة جزء من السباتي الأصلي
",Embryology
"في تطور القلب:
أ. مصير القرن الأيسر للجيب الوريدي هو الجيب الإكليلي
ب. يتم انغلاق الفوهة الأولية بين الأذينتان بعد الولادة مباشرة
ج. معظم الحواجز القلبية تتشكل بين الأيام 16 حتى 27
د. كل ما سبق صحيح
ه. كل ما سبق خط","أ. مصير القرن الأيسر للجيب الوريدي هو الجيب الإكليلي
",Embryology
"في الربو القصبي كل ما يلي صحيح ما عدا:

أ. هجمات متقطعة من الزلة التنفسية.  
ب. مع أو بدون وزيز.  
ج. فرط ارتكاس قصبي.  
د. تنزل الهجمة تلقائيًا أو بالمعالجة.  
هـ. السعال موجود دائمًا.",هـ. السعال موجود دائمًا,Pulmonology
"في الاصابة بداء وحيدات النوى الخمجي كل ما يلي صحيح عدا: 
ا. يعتبر فيروس ايبشتايف بار EBV عامال"" محرضا"" لممفوما بوركيت في افريقي
ب. أكثر خطورة عند المصاب بفقر دـ بنقص الحديد
ج.  تمزؽ الطحاؿ ىو االختالط االكثر خطور
د. قد تؤدي الضخامة الشديدة في الموزتيف والعقد البمغمية المرافقة الى عسرة تنفسية شديدة
ه. الطفح ليس مف المظاىر النموذجية",ب. أكثر خطورة عند المصاب بفقر دـ بنقص الحديد,Pediatrics
"يختلف كامن فعل الليف العضلي القلبي عن كامن فعل الليف العقدي القلبي بما يلي عدا:
أ. القيمة السلبية القصوى التي يصل إليها كامن الغشاء
ب. قنوات الصوديوم السريعة المسؤولة عن زوال الاستقطاب
ج. المدة الزمنية لكامن الفعل
د. طور الستقرار",ب. قنوات الصوديوم السريعة المسؤولة عن زوال الاستقطاب,Physiology
" اختر الاجابة الصحيحة:
أ. هرمون جارات الدرق يؤدي إلى زيادة الكالسيوم في الدم
ب. تملك حاطمات العظم مستقبلات لهرمون جارات الدرق على سطحها
ج. الكالسيتونين يزيد عملية التعظم عن طريق تثبيط نشاط حاطمات العظم
د. A+C
ه. كل ما سبق خطأ","د. A+C
",Histology
"مادة السورفاكتانت تنتج من:
أ. الخلايا السنخية نمط 1
ب. الخلايا السنخية نمط 2
ج. الشعيرات الدموية 
د. الاوعية اللمفية
ه. القصبات الثانوية
","ب. الخلايا السنخية نمط 2
",Embryology
"في النفث الدموي الحاد كل ما يلي صحيح ما عدا:

أ. لون الدم أسود  
ب. الـ PH قلوية  
ج. مصدره تحت الحبال الصوتية  
د. يترافق مع السعال  
هـ. يشاهد بالسل الكهفي  ",أ. لون الدم أسود,Pulmonology
"من الأدوية التي تزيد من صنع الغلوبيولين الرابط للتريوكسين:
أ. انسولين
ب. أسبرين
ج. بيرفينازون
د. كل ما سبق صحيح",ج. بيرفينازون,Biochemistry
"هذا الجزء من الكظر تشتق خلاياه من العرف العصبي انه:
أ. الطبقة الحبيبية
ب. الطبقة الحزمية
ج. الطبقة الشبكية
د. لب الكظر
ه. محفظة الكظر ","د. لب الكظر
",Histology
"في مراحل نضج الرئتين تتشكل الاسناخ الاولية خلال:
أ. الفترة الغدية الكاذبة
ب. الفترة القنوية
ج. فترة الكيس الانتهائي
د. الفترة السنخية 
ه. خلال الثلثين الاخيرين للحمل","ج. فترة الكيس الانتهائي
",Embryology
" كل ما يلي من الملحقات الجلدية ما عدا:
أ. الغدد المصلية الخارجية
ب. الأشعار
ج. الغدد المصلية العرقية
د. الغدد الدهنية","أ. الغدد المصلية الخارجية
",Histology
" كل مما يلي حول التهاب الكبد الخاطف صحيح ما عدا:
أ. يحدث غالباً خلال 8 أسابيع من الإصابة بالتهاب الكبد الحاد
ب. أهم الملامح السريرية هو دخول المريض في اعتلال دماغي
ج. احتمال البقاء على قيد الحياة عند حدوث السبات أقل من %20
د. يحدث عادة قصور قلبي مرافق لتخرب الخلايا الكبدية ",د. يحدث عادة قصور قلبي مرافق لتخرب الخلايا الكبدية ,Biochemistry
"كل ما يلي صحيح عن التسمم الوشيقي:
أ. يصيب االنسان والحيوان
ب. يترافق مع ارتفاع حرارة مع بقاء المريض تام الوعي
ج. يترافق مع ازدواج رؤية
د. يترافق مع دوخة وعسر بلع
ه. تظهر اعراضه بعد 5 ساعات من تناول الطعام المسمم",ب. يترافق مع ارتفاع حرارة مع بقاء المريض تام الوعي,Microbiology
"ما هي العيارات الصحيحة حول الوسيط نيتريك أوكسيد؟
أ. مثبطات الأنزيم المصنع تشمل المركبات (LNMMA) و (LNAME).
ب. منشطات الأنزيم المصنع تشمل نيتروغليسيرن و إيزوسوربيد.
ج. منشطات الأنزيم المصنع تشمل إيزوسوربيد داي تنرات و صوديوم نتروبروسيد.
د. مثبطات الأنزيم المصنع تشمل أحماض الهيموغلوبين وارتفاع الضغط الشرياني",ب. منشطات الأنزيم المصنع تشمل نيتروغليسيرن و إيزوسوربيد,Pharmacology
" واحدة من العبارات التالية فيما يخص دور المهاد خاطئة:
أ. تمر جميع المسالك الحسية في أثناء سيرها نحو القشرة المخية الحديثة بالمهاد 
ب. للمهاد دور في الإدراك الفج للأحاسيس
ج. يمكن لحس الألم ان يدرك كليا في المهاد
د. المهاد مكان وجود عصبونات المرتبة الثالثة لجميع الأحاسيس","أ. تمر جميع المسالك الحسية في أثناء سيرها نحو القشرة المخية الحديثة بالمهاد 
",Physiology
"يشاهد التهاب البلغم مع توضع أغشية عليه وعلى اللوزتين في الإصابة بالأمراض التالية عدا:

ا. التهاب الحنجرة الرشحة الغدية (الإيبينوفيورس)  
ب. دفتريا البلغم  
ج. داء وحدات النوى الحمضي  
د. التهاب البلغم واللوزات بالعقديات  
هـ. التهاب البلغم واللوزات العقولي",ا. التهاب الحنجرة الرشحة الغدية (الإيبينوفيورس)  ,Pediatrics
" من طرق الوقاية من الجمرة الخبيثة:
أ. تجنب اكل اللحم النيء وغير المطبوخ جيدا
ب. حرق جثة الحيوان المصاب
ج. تلقيح الحيوان
د. كل ما سبق صحيح
ه. كل ما سبق خاطئ",د. كل ما سبق صحيح,Microbiology
"سرطان البروستات:  
أ. توضعه محيطي  
ب. توضعه مركزي  
ج. أعراضه باكرة  
د. لا يعطي نقائل  
هـ. كل ما سبق خطأ",أ. توضعه محيطي,Neurosurgery
"المريطاء هي البقايا الجنينية ل: 
أ. السقاء
ب. القناة المحية المعوية
ج. قناة مولر
د. الحبال الجنسية البدئية
ه. الغدة التناسلية المحايدة  ","أ. السقاء
",Embryology
"مريض عمره 60 سنة كان يعمل بمنجم للفحم لمدة 20 سنة، راجع بسعال وزلة تنفسية، صورة الصدر أظهرت ارتشاحات خلالية، فحص القشع كان إيجابيًا لعصية كوخ، أي من العوامل الآتية قد يكون عاملًا مؤهبًا لإصابته بالتدرن:

أ. بيريليوم  
ب. كادميوم  
ج. الفحم  
د. السيليكا  
هـ. غبار المنزل  ",د. السيليكا,Pulmonology
"ارتفاع التوتر الشرياني الحملي Gestational Hypertension:
أ. يحدث فيه التوتر الشرياني قبل الأسبوع ال20 من الحمل
ب. يترافق مع بيلة بروتينية
ج. يتراجع بعد 3 اسابيع من الولادة
د. هو تطور بيلة بروتينية عند سيدة لديها ارتفاع توتر شرياني مزمن
ه. كل ما سبق خطأ","ب. يترافق مع بيلة بروتينية
",OBGYN
"المركب المستخدم في تدريب الاكتئاب والوسواس القهري هو:
أ. فنلزين
ب. الديكومارول
ج. تولبوتاميد
د. كاربامازيين
ه. فلوكسيتين",ه. فلوكسيتين,Pharmacology
"اختر الاجابة الخاطئة عن البوريليا:
أ. سبب داء اليم الذي ينتقل عبر الجهاز التنفسي
ب. جراثيم لولبية متحركة تتلون بسهولة بصبغة غيمزا
ج. تكون ذات لفات غير منتظمة والمسافة بين كل لفتين من 2 ل4 مكرون
د. تسبب الحمى الراجعة التي تنتقل عبر القمل
ه. تكون سبب خناق فنسان","أ. سبب داء اليم الذي ينتقل عبر الجهاز التنفسي
",Microbiology
"في متلازمة WAGER نجد كل ما يلي ما عدا:
أ. غياب القرنية
ب. اختلاف عقلي
ج. شحمة أذن مشطورة
د. تشوه السبيل البولي
هـ. كل ما سبق صحيح",ج. شحمة أذن مشطورة,Neurosurgery
"قد يحدث التثدي لدى الذكر المصاب بـ:
أ. المراحل النهائية لسرطان البروستات
ب. المراحل النهائية لقصور الكلية
ج. المراحل النهائية للداء السكري
د. كل ما سبق خطأ",د. كل ما سبق خطأ,Biochemistry
"كل ما يلي صحيح عن اسواط الجراثيم ماعدا: 
أ. يكون السوط اطول من الخلية الجرثومية
ب. بعض الجراثيم لها سوط واحد وبعضها متعدد الاسواط
ج. تحوي مستضدات من النمط K
د. كل المكورات لها سياط
ه. تفيد السياط في التمييز بين السلمونيلا والشيغيلا","ج. تحوي مستضدات من النمط K
",Microbiology
"يؤدي تفعيل المكون الودي للجهاز العصبي المستقل إلى ما يلي عدا:
أ. ارتفاع الضغط الشرياني
ب. نقص جريان الدم نحو العضالت الهيكلية
ج. توسع حدقتي العينين
د. تفعيل التشكيل الشبكي الصاعد","ب. نقص جريان الدم نحو العضالت الهيكلية
",Physiology
"تمنع الهرمونات التالية تقويض البروتينات في الجسم عدا:
أ.الكورتيزول
ب. هرمونات الدرق T3 و T4 
ج. هرمون النمو
د. التستوستيرون","أ.الكورتيزول
",Physiology
"ما يلي حول التهاب الكبد الفريوسي B صحيح ما عدا:
ا. في المرحلة الحادة تظهر مستضدات (Ag HBs)
ب. في المرحلة المزمنة تظهر مستضدات (Ag HBe)
ج. جيب معايرة ALT كل 15 يوم طوال فترة ظهور الريقان
د. تعود قيم البيلريوبين إلى المستوى السوي خلال 3-1 أشهر","ب. في المرحلة المزمنة تظهر مستضدات (Ag HBe)
",Biochemistry
"تنشأ ظهارة المبطنة للمثانة البولية:
أ. اديم المتوسط الصفيحي الجانبي
ب. الاديم الباطن 
ج. الاديم المتوسط المجاور للمحور
د. الاديم المتوسط الوسطاني 
",ب. الاديم الباطن,Embryology
"من الإجرائات التي يجب اتخاذها في تدبير مريضة الارتجاع الحملي:
أ. إعطاء ناهيات المخاض
ب. إعطاء الديكساميتازون
ج. إعطاء الصادات
د. بزل السائل السلوي لنفي التشوهات الجنينية
ه. إنهاء الحمل",ه. إنهاء الحمل,OBGYN
"وجد التفاغرات الشريانية الوريدية بغزارة في:
أ. أصابع اليدين والقدمين
ب. الأنف والأذن 
ج. الشفتين
د. كل ما سبق صحيح ",د. كل ما سبق صحيح ,Histology
"تؤدي العوامل التالية إلى نقص خروج السوائل من الشعيرات عدا:
أ. ارتفاع الضغط التناضحي الغرواني لبالزما الدم
ب. انخفاض الضغط التناضحي الغرواني لبالزما السائل الخلالي
ج. انخفاض ضغط السائل الخلالي
د. انخفاض ضغط الدم في الوعاء الشعيري","ج. انخفاض ضغط السائل الخلالي
",Physiology
"كل ما هو آت خاطئ في البنكرياس ما عدا:
أ. عدم احتوائه على الأقنية المخططة
ب. إفراز الهرمونات المنظمة للنمو
ج. غدة انبوبية مركبة
د. تصنيع الأنزيمات الهاضمة في جزر لانغرهانس",أ. عدم احتوائه على الأقنية المخططة,Histology
"الصادات الحيوية التي تمنع تشكل الحموض النووية:
أ. ريفامبيسين
ب. حمض الديسكيك
ج. سبيروفلوكساسين
د. كل ما سبق صحيح
ه. كل ما سبق خطأ","د. كل ما سبق صحيح
",Microbiology
"في بداية تشكل الجنس الاقنية المفرغة للجهاز البولي والتناسلي تفرغ في:
أ. قناة مولر
ب. قناة وولف
ج. المذرق
د. المريطاء
ه.  القناة المحية المعوية","ج. المذرق
",Embryology
"تؤدي الحالت اآلتية إلى ارتفاع الضغط النخماصي لألسناخ الرئوية ما عدا:
أ. نقص السورفاكتانت
ب. زيادة كمية الماء في الأسناخ 
ج. الشهيق الجهدي
د. الأسناخ صغيرة الحجم","ج. الشهيق الجهدي
",Physiology
"أشيع اختلاط لتشمع الكبد غير المعاوض هو:
أ. .القصور الكلوي الحاد
ب. التهاب المعثكلة الحاد
ج. القصور التنفسي
د. النزف من دوالي المري",د. النزف من دوالي المري,Biochemistry
"الامراض التالية وبائية ماعدا:
أ. الحمى المالطية
ب. الحصبة
ج. الكوليرا
د. الانفلونزا
ه. الطاعون","أ. الحمى المالطية
",Microbiology
"كل ما هو آت في بنية الانبوب الهضمي صحيح ما عدا: 
أ. يتكون من اربعة اقمصة اساسية
ب. يستر بظهارة اسطوانية ذات حافة ماصة
ج. غزير بالاوعية الدموية
د. يحتوي على غدد مختلفة خارجية الافراز
ه. تتكون المخاطية الخاصة فيه من نسيج ضام رخو",ب. يستر بظهارة اسطوانية ذات حافة ماصة,Histology
"ما يلي حول التهاب الكبد الفريوسي A صحيح ما عدا:
أ. %2 من الحالات تتحول الى حامل مزمن  chronic carrier
ب. يتم الانتقال عن الطريق البرازي الفموي
ج. تكون الأعراض والعلامات في أغلب الأحيان معتدلة
د. مخبريا يمكن معايرة (HAV Ab IgG-IgM)","أ. %2 من الحالات تتحول الى حامل مزمن  chronic carrier
",Biochemistry
"في اصابات الجنب القيحية كل مما يلي صحيح في فحص سائل الجنب ما عدا:

أ. الألبومين أكثر من 30غ/لتر.  
ب. السكر 15 مغ/100 مل.  
ج. LDH 2000 وحدة/100 مل.  
د. الكريات البيضاء أقل من 10 بالساحة.  
هـ. الكريات الحمراء أكثر من 50 بالساحة.  ",هـ. الكريات الحمراء أكثر من 50 بالساحة,Pulmonology
" المنشأ الجنيني للصفن من:
أ. الطيات الاحليلية
ب. الحديبات التناسلية
ج. الطيات المذرقية
د. البصلات الجيبية المهبلية  
ه. التورمات التناسلية
","ه. التورمات التناسلية
",Embryology
"من علامات آذية العصب الناصف: أ. فقدان حركة الكب
ب. شلل ثلاثية الرؤوس
ج. هبوط المعصم
د. هبوط القدم
هـ. شلل الاستقلالية"," أ. فقدان حركة الكب
",Neurosurgery
"ما هو صحيح في حالة انسداد الأمعاء المرافق للحمل:
أ. الإنسداد سببه غالبا الالتصاقات الناجمة عن جراحات سابقة
ب. يحدث غالبا خلال الثلث الأول من الحمل
ج. نجد هلال غازي تحت قبة الحجاب الحاجز في الصورة الشعاعية
د. عند التشخيص يجب فتح جراحيا فورا 
ه. تختلف المعالجة عند الحامل منها عند غير الحامل",أ. الإنسداد سببه غالبا الالتصاقات الناجمة عن جراحات سابقة,OBGYN
"تقوم الكلية بالوظائف الغدية التالية عدا:
أ. صناعة هرمون الإريثروبويتين
ب. صناعة الألدوستيرون
ج. صناعة الرينين
د. تحويل مركب 1 - هيدروكسي كولي
كالسيفيرول إلى الشكل الفعال
للفيتامين D","ب. صناعة الألدوستيرون
",Physiology
"كل ما هو آت في بنية الشفاه خاطئ ماعدا:
أ. نميز فيها قسم جلدي خارجي وقسم داخلي مخاطي فقط 
ب.غياب القميص تحت المخاطي
ج. يوجد فيها عضلات مخططة مستديرة
د.يلاحظ نمو العضلية المخاطية في القسم المخاطي","ج. يوجد فيها عضلات مخططة مستديرة
",Histology
"سبب طول مدة كامن الفعل في الليف العضلي القلبي هو:
أ. زيادة نفوذية الغشاء للكالسيوم و البوتاسيوم
ب. زيادة نفوذية الغشاء للصوديوم و البوتاسيوم
ج. زيادة نفوذية الغشاء للكالسيوم ونقص نفوذيته للبوتاسيوم
د. زيادة نفوذية الغشاء للصوديوم ونقص نفوذيته للبوتاسيوم","ج. زيادة نفوذية الغشاء للكالسيوم ونقص نفوذيته للبوتاسيوم
",Physiology
"كل ما يلي صحيح عن السبيل البصري ما عدا:
أ. يبدأ من التصالب البصري وينتهي في المركز البصري.
ب. يتكون من ألياف مصالبة وغير مصالبة.
ج. يحوي السبيل الأيمن ألياف النصف الصدغي للعين اليمنى
د. يحوي السبيل األيمن ألياف النصف اإلنسي للعين اليسرى
ه. يحوي السبيل الأيسر ألياف النصف الصدغي للعين اليسرى.",أ. يبدأ من التصالب البصري وينتهي في المركز البصري.,Ophthalmology
"من أسباب الانصباب الرشح transudate:
أ. النزف
ب. الخباثات
ج. الانتانات
د. كل ما سبق خطأ",د. كل ما سبق خطأ,Biochemistry
"لتشخيص ضمور العصب البصري كل مما يلي صحيح ما عدا:
أ. يمكن الاعتماد على فحص رؤية اللون
ب. في المراحل الباكرة يظهر شحوب خفيف في أحد أقسام العصب البصري
ج. تتأثر القدرة البصرية في جميع الحالات
د. يفيد تصوير الشبكية بالفلوريسين في التشخيص
ه. يفيد تخطيط الكمونات المحرضة بصريا في التشخيص ",ج. تتأثر القدرة البصرية في جميع الحالات,Ophthalmology
"يتصف حماق الوليد بكل ما يلي عدا :
أ. يحدث الخمج البدئي داخل الحياة الرحمية
ب. تعتمد خطورة الأصابة عمى مقدار الأضداد الوالدية لفيروس الحماق
ج. قد يكون هذا الشكل مهددا للحياة
د. ينصح باستعمال الغلوبيولين المناعي (VZIG) لكل خديج مولود من مصابة بجدري فعال عند الولادة
ه. ينصح باستعمال الغلوبيولين المناعي لكل وليد من أم حدث لديها حماق قبل أو بعد الولادة بأسبوعين",ه. ينصح باستعمال الغلوبيولين المناعي لكل وليد من أم حدث لديها حماق قبل أو بعد الولادة بأسبوعين,Pediatrics
" من المظاهر السريرية ملرض ضخامة النهايات ما عدا:
أ. صداع
ب. يصبح صوت المريض حاداً وناعما
ج. عصاب
د. زيادة في عرض القدم",ب. يصبح صوت المريض حاداً وناعما,Biochemistry
"كسور قاعدة الجمجمة: 
أ. يرافقها تسرب للسائل الدماغي الشوكي (CSF) 
ب. مكونة من كسور خطية 
ج. ثلاثة شظايا عظمية 
د. يرافقها تلف في الأعصاب القحفية 
هـ. كل ما سبق صحيح",هـ. كل ما سبق صحيح,Neurosurgery
"العضو الذي ينمو في الحاجز المستعرض:
أ. المعدة
ب. الكبد
ج. الطحال
د. الكلية
ه. كل ما سبق خاطئ","ب. الكبد
",Embryology
" أحد هذه المفاهيم خاطئة فيما يتعلق
بالعضالت الهيكلية:
أ. يتطلب وصول كامن الفعل إلى جميع انحاء الليف العضلي وجود جهاز الأنابيب المستعرضة
ب. العامل الذي يسبب تحرر شوارد الكالسيوم من الشبكة الهيولية هو كامن الفعل
ج. يتطلب حدوث ارتباط المواقع الفعالة على خيط الأكتين مع رؤوس الميوزين وجود ATP
د. يمكن حدوث تقلص عضلي بدون حدوث قصر في القسيم العضلي ","ج. يتطلب حدوث ارتباط المواقع الفعالة على خيط الأكتين مع رؤوس الميوزين وجود ATP
",Physiology
"يؤدي فقر الدم بنقص الحديد المرافق للحمل إلى الإختلاطات التالية ما عدا:
 أ. خطر الولادة الباكرة
 ب. خطر الإصابة بالهاب الوريد الخثري 
ج. خطر تألم جنين حاد 
د. خطر تألم جنين مزمن 
ه. خطر نقص نمو الجنين داخل الرحم",ج. خطر تألم جنين حاد,OBGYN
"الحجز المريئي الرغامي يفصل بين:
أ. المري والبلعوم الانفي
ب. الانبوب الرغامي الحنجري والمري 
ج. المري والبلعوم الفموي
د. الانبوب الرغامي الحنجري والبلعوم الانفي
ه.  الانبوب الرغامي الحنجري والبلعوم الفموي","ب. الانبوب الرغامي الحنجري والمري 
",Embryology
"الصادات الحيوية التي تمنع تشكل الحموض النووية:
أ. ريفامبيسين
ب. حمض الديسكيك
ج. سبيروفلوكساسين
د. كل ما سبق صحيح",د. كل ما سبق صحيح ,Microbiology
"يؤدي الداء السكري خلال الحمل إلى الاختلاطات الجنينية التالية ما عدا:
أ. وفاة الجنين
ب. شذوذات نمو الجنين
ج. شذوذات صبغية و خلقية
د. نقص سكر و كلس الجنين
ه. زيادة نسبة اليرقان عند الطفل حديث الولادة",د. نقص سكر و كلس الجنين,OBGYN
"فيما يتعلق بزمن التضاعف (Doubling Time):

أ. الأورام الدموية لها زمن تضاعف أطول من الأورام الصلبة
ب. متوسط زمن التضاعف لأغلب الأورام هو 2-3 يوم
ج. يتطلب الورم 30 زمن تضاعف حتى يصبح بحجم 1 سم
د. يتطلب الورم 30 زمن تضاعف حتى ينمو من 1 غ إلى 1 كغ
هـ. ورم بقطر 1 سم يحتوي على مليون خلية",ج. يتطلب الورم 30 زمن تضاعف حتى يصبح بحجم 1 سم,Oncology
"المنشأ الجنيني لعضات الوجه الأرادية:
أ. الأديم المتوسط جانب المحور
ب. خلايا العرف العصبي
ج. لويحات الأديم الظاهر
د.  الإجابتان C+B
ه.  لا شيء مما سبق",أ. الأديم المتوسط جانب المحور,Embryology
" في دبقوم العصب البصري كل مما يلي صحيح ما عدا:
أ. تنمو على حساب الجزء الدبقي من ألياف العصب البصري
ب. تنمو ببطء
ج. تخترق غلاف العصب البصري السحائي
د. لا تعطي انتقالات
ه. قد تؤدي إلى العمى",ج. تخترق غلاف العصب البصري السحائي,Ophthalmology
"نجد في المسافات البابية ما عدا:
أ. أوعية لمفية وأعصاب
ب. شريان كبدي وفرع من وريد الباب
ج. وريد كبدي
د. قناة صفراوية ونسيج ضام",ج. وريد كبدي,Histology
"تستطب الجراحة التلطيفية عند مرضى الأورام في حالات:
أ. نقص الشهية
ب. ارتفاع المعتدلات
ج. الغزو الورمي لنقي العظم
د. ارتفاع كلس الدم
هـ. الكسور المرضية",هـ. الكسور المرضية,Oncology
"كل الفيروسات التالية يمكن أن تسبب التهاب سحايا عقيم عدا:

ا. حمة النكاف  
ب. الحمات المعوية (الكوساوي B)  
ج. حمة التهاب الكبد B  
د. حمة مثل الأطفال  
هـ. حمة العقبول",ج. حمة التهاب الكبد B  ,Pediatrics
":الجلد في Merocrine Type Sweat Glands
أ. تصب اقنيتها المفرغة في الاجربة الشعرية
ب. تمتاز بان مفرزاتها لزجة
ج. تعتبر غدد مول في حواف الاجفان مثالا عليها كغدد عرقية معدلة
د. كل ما سبق صحيح
ه. كل ما سبق خطأ",ه. كل ما سبق خطأ,Histology
"في تركيب الحصيات: أ. الإنتانية هي السيتروفيت
ب. غير الإنتانية هي كربونات الأبَاتيت
ج. الدوائية هي السيستين
د. الكازينتين غير وراثية
هـ. كل ما سبق صحيح", أ. الإنتانية هي السيتروفيت,Neurosurgery
" كل مما يلي حول تشمع الكبد الالمُعاوض صحيح ما عدا:
أ. يحدث ارتفاع في الألبومين وانخفاض في الغاما غلوبولين
ب. درجة ارتفاع البيلريوبين تتناسب مع درجة قصور الخلية الكبدية
ج. يوجد لدى املرضى نقص خلايا شامل Pancytopenia
د. غالباً ما يزداد زمن الربوثرومبين","أ. يحدث ارتفاع في الألبومين وانخفاض في الغاما غلوبولين
",Biochemistry
"كل الصادات التالية تمنع تشكل جدار الخلية الجرثومية ماعدا:
أ. الفانكومايسين
ب. سيفادروكسيل
ج. اوغمنتين
د. جنتاميسين
ه. باستراسين ",د. جنتاميسين,Microbiology
"تفيد الجراحة الوقائية من السرطان في حالات:

أ. الداء الكيسي الليفي في الثدي
ب. الكلية متعددة الكيسات
ج. المبيض متعدد الكيسات
د. الداء الزلاقي
هـ. داء البوليبات العائلي",هـ. داء البوليبات العائلي,Oncology
"أنزيم تفرزه العنقودية المذهبة ويعاكس في عمله عمل Coagulase:
أ. ليباز
ب. بنسيليناز
ج. الأنزيم الحال الليفي
د. . هيالورونيداز
ه. بروتيناز","ج. الأنزيم الحال الليفي
",Microbiology
"تتميز منطقة البواب بأن:
أ. الوهدات المعدية تكون سطحية
ب. الخلايا المفرزة للغاسترين تكون غائبة
ج. الوهدات المعدية تكون عميقة
د. كل ما سبق خطأ","ج. الوهدات المعدية تكون عميقة
",Histology
"ارتفاع تركيز مادة ما في البول إلى 125 ضعف تركيزها في البلازما يشير إلى أن العمليات التي خضعت لها هذه المادة هي:
أ. الرشح فقط
ب. الرشح+ عود المتصاص الجزئي
ج. الرشح + الافراز
د. الرشح + عود الامتصاص الكلي
","أ. الرشح فقط
",Physiology
"المعيار الذهبي لتشخيص أمراض الرئة الخلالية:

أ. الخزعة الرئوية  
ب. الصورة البسيطة  
ج. اختبارات المناعة الذاتية  
د. التصوير الطبقي المحوري للصدر  
هـ. القصة السريرية  ",أ. الخزعة الرئوية,Pulmonology
"يمكف لالريترومايسين أن يفيد في واحد من مسببات التهاب الأمعاء التالية:
أ. الشيغللا

ب. السالمونيللا
ج. العصيات الكولونية
د. الكامبيلوباكتير
ه. اليرسينيا",د. الكامبيلوباكتير,Pediatrics
"كل من المشاركات التالية صحيحة ما عدا:
أ. أوكس برينولول والكلوثاليدون
ب. تري هكسيفينيديل وتريمورين
ج. أموكسيسيللين وكلاريثرومايسين
د. بيبرساللين وتازوباكتام
هـ. ديكلوفيناك وميزوبرستول",ب. تري هكسيفينيديل وتريمورين,Pharmacology
" واحد من العبارات التالية فيما يخص التهوية السنخية في الحالات السوية خاطئة:
أ. يؤدي ارتفاع PO2 السنخي إلى تضيق الأوعية الدموية للنسج
ب. ترفع الزيادة الشديدة في التهوية
السنخية PO2 في الأسناخ إلى 149 ملم
ج. تدعى الممرات التنفسية التي لا يتم فيها
تبادل غازي dead space
د. يؤدي ارتفاع ال PO2 السنخي إلى زيادة الفة الخضاب ل O2","أ. يؤدي ارتفاع PO2 السنخي إلى تضيق الأوعية الدموية للنسج
",Physiology
"بعمر 4 اسابيع يظهر الرتج التنفسي من:
أ. الجدار الظهري للمعي الامامي
ب. الجدار الظهري للمعي المتوسط
ج. الجدار البطني للمعي الامامي 
د. الجدارالبطني للمعي المتوسط ","ج. الجدار البطني للمعي الامامي 
",Embryology
"كل مما يلي صحيحة ما عدا:
أ. لا يجوز مزج البنسلين مع التتراسيكلين في محقنة واحدة.
ب. لا يجوز مزج التتراسيكلين مع السلفوناميدات في محقنة واحدة.
ج.لا يجوز مزج الهيبارين مع الهيدروكورتيزون في محقنة واحدة.
د.لا يجوز مزج الديازيبام مع البنسلين في محقنة واحدة.
هـ. لا يجوز مشاركة الكازولين مع البكتين.",هـ. لا يجوز مشاركة الكازولين مع البكتين.,Pharmacology
"تعطي الاقواس البلعومية مشتقات منها:
أ. غضاريف
ب. عضلات
ج. عظام
د. كل ما سبق",د. كل ما سبق,Embryology
"يشمل مصطلح الخلايا المتقرنة في الجلد كل ما يلي ما عدا:
أ. خلايا الطبقة القاعدية 
ب. الخلايا الميلانينية
ج. خلايا الطبقة الشائكة
د. خلايا الطبقة المحببة
ه. خلايا الطبقة المتقرنة","ب. الخلايا الميلانينية
",Histology
" في الجهاز التناسلي الذكري:
أ. الأنيبيبات المستقيمة تبطن بظهارة مكعبة
ب. الشبكة الخصيوية تبطن بظهارة اسطوانية مطبقة كتذبة
ج. ظهارة قناة البربخ مسطحة بسيطة
د. A+B
ه. كل ما سبق صحيح","أ. الأنيبيبات المستقيمة تبطن بظهارة مكعبة
",Histology
"عند  فحص الساحة البصرية في ضمور ليبر كل مما يلي صحيح ما عدا:
أ. وجود عتمة مركزية مطلقة للون الأبيض
ب. حدود الساحة البصرية المحيطية ضمن الحدود الطبيعية
ج. ضمور العصب البصري يظهر تدريجيا
د. الشحوب يكون عند الجانب الأنفي خاصة
ه. تصبح ذات مظهر شمعي
","د. الشحوب يكون عند الجانب الأنفي خاصة
",Ophthalmology
"في حالة قصور الغدة الدرقية، كل ما يلي صحيح ما عدا:

أ. زيادة الوزن شائعة
ب. انخفاض معدل ضربات القلب
ج. ارتفاع حرارة الجسم باستمرار
د. جفاف الجلد
هـ. الإمساك من الأعراض الشائعة",ج. ارتفاع حرارة الجسم باستمرار,Physiology